slug,outcome,taker_side,n_trades,total_size
sol-updown-15m-1776875400,Down,buy,1,2.222221
sol-updown-15m-1776875400,Up,buy,2,7.142856
sol-updown-15m-1776876300,Down,buy,1,2.127658
sol-updown-15m-1776876300,Up,buy,2,10.000000
sol-updown-15m-1776877200,Up,buy,1,10.000000
sol-updown-15m-1776878100,Down,buy,2,9.347825
sol-updown-15m-1776878100,Up,buy,1,5.000000
sol-updown-15m-1776879000,Down,buy,2,12.061222
sol-updown-15m-1776879000,Up,buy,3,38.689088
sol-updown-15m-1776880800,Down,buy,1,1.960783
sol-updown-15m-1776880800,Up,buy,1,5.000000
sol-updown-15m-1776881700,Down,buy,4,64.326362
sol-updown-15m-1776881700,Up,buy,1,4.081631
sol-updown-15m-1776882600,Down,buy,4,54.728985
sol-updown-15m-1776883500,Down,buy,2,41.818180
sol-updown-15m-1776884400,Down,buy,1,2.173912
sol-updown-15m-1776884400,Up,buy,1,40.000000
sol-updown-15m-1776885300,Down,buy,1,2.325580
sol-updown-15m-1776885300,Up,buy,3,314.537305
sol-updown-15m-1776886200,Down,buy,2,8.703702
sol-updown-15m-1776887100,Down,buy,1,2.325580
sol-updown-15m-1776887100,Up,buy,3,272.213042
sol-updown-15m-1776888000,Down,buy,4,39.163259
sol-updown-15m-1776888000,Up,buy,1,5.000000
sol-updown-15m-1776888900,Up,buy,1,5.000000
sol-updown-15m-1776889800,Down,buy,1,2.083332
sol-updown-15m-1776891600,Up,buy,2,10.000000
sol-updown-15m-1776892500,Down,buy,1,4.081631
sol-updown-15m-1776893400,Down,buy,1,28.000000
sol-updown-15m-1776894300,Down,buy,3,50.053570
sol-updown-15m-1776895200,Down,buy,4,39.681181
sol-updown-15m-1776897000,Down,buy,1,2.272726
sol-updown-15m-1776897000,Up,buy,1,10.290000
sol-updown-15m-1776897900,Down,buy,1,4.255318
sol-updown-15m-1776899700,Down,buy,2,6.976741
sol-updown-15m-1776899700,Up,buy,5,292.443352
sol-updown-15m-1776900600,Down,buy,1,2.272726
sol-updown-15m-1776900600,Up,buy,2,19.142856
sol-updown-15m-1776901500,Down,buy,1,2.222221
sol-updown-15m-1776901500,Up,buy,2,27.876427
sol-updown-15m-1776902400,Up,buy,4,46.434205
sol-updown-15m-1776903300,Down,buy,1,2.380951
sol-updown-15m-1776903300,Down,sell,2,24.370000
sol-updown-15m-1776903300,Up,buy,6,96.462862
sol-updown-15m-1776904200,Down,buy,1,5.000000
sol-updown-15m-1776904200,Up,buy,2,38.000000
sol-updown-15m-1776905100,Up,buy,1,5.000000
sol-updown-15m-1776906000,Down,buy,1,2.083332
sol-updown-15m-1776906000,Up,buy,2,16.000000
sol-updown-15m-1776907800,Down,buy,1,2.222221
sol-updown-15m-1776908700,Down,buy,1,5.000000
sol-updown-15m-1776908700,Up,buy,1,38.830000
sol-updown-15m-1776910500,Down,buy,1,2.127658
sol-updown-15m-1776910500,Up,buy,1,4.727271
sol-updown-15m-1776911400,Down,buy,1,2.272726
sol-updown-15m-1776913200,Down,buy,1,3.773582
sol-updown-15m-1776914100,Down,buy,1,2.222221
sol-updown-15m-1776914100,Up,buy,3,38.392820
sol-updown-15m-1776915900,Up,buy,7,155.600266
sol-updown-15m-1776916800,Down,buy,1,2.127658
sol-updown-15m-1776917700,Down,buy,1,4.081631
sol-updown-15m-1776917700,Up,buy,1,5.000000
sol-updown-15m-1776918600,Down,buy,1,19.430768
sol-updown-15m-1776918600,Up,buy,1,5.000000
sol-updown-15m-1776919500,Down,buy,1,3.773582
sol-updown-15m-1776919500,Up,buy,1,10.000000
sol-updown-15m-1776920400,Down,buy,1,17.040000
sol-updown-15m-1776922200,Down,buy,1,2.000000
sol-updown-15m-1776923100,Down,buy,1,2.380951
sol-updown-15m-1776923100,Up,buy,4,185.045064
sol-updown-15m-1776924900,Down,buy,4,108.464283
sol-updown-15m-1776925800,Down,buy,2,28.600000
sol-updown-15m-1776925800,Up,buy,2,10.108694
sol-updown-15m-1776926700,Down,buy,1,1.886791
sol-updown-15m-1776926700,Up,buy,4,33.905659
sol-updown-15m-1776928500,Down,buy,2,5.882350
sol-updown-15m-1776928500,Up,buy,1,10.000000
sol-updown-15m-1776930300,Down,buy,1,2.127658
sol-updown-15m-1776930300,Up,buy,2,10.710000
sol-updown-15m-1776932100,Down,buy,1,14.893616
sol-updown-15m-1776933000,Down,buy,1,2.272726
sol-updown-15m-1776933000,Up,buy,2,44.982104
sol-updown-15m-1776933900,Down,buy,1,2.325580
sol-updown-15m-1776933900,Up,buy,1,45.000000
sol-updown-15m-1776934800,Down,buy,4,33.810872
sol-updown-15m-1776934800,Up,buy,1,95.791014
sol-updown-15m-1776935700,Down,buy,1,2.222221
sol-updown-15m-1776935700,Up,buy,4,36.999996
sol-updown-15m-1776936600,Down,buy,1,4.444443
sol-updown-15m-1776937500,Down,buy,1,8.367345
sol-updown-15m-1776938400,Down,buy,1,2.173912
sol-updown-15m-1776939300,Down,buy,1,5.000000
sol-updown-15m-1776939300,Up,buy,2,38.000000
sol-updown-15m-1776940200,Down,buy,3,16.931567
sol-updown-15m-1776941100,Down,buy,1,8.000000
sol-updown-15m-1776942000,Down,buy,1,16.326529
sol-updown-15m-1776942000,Up,buy,1,5.000000
sol-updown-15m-1776942900,Down,buy,3,114.154106
sol-updown-15m-1776942900,Up,buy,1,5.000000
sol-updown-15m-1776944700,Down,buy,7,274.365754
sol-updown-15m-1776945600,Down,buy,8,615.426831
sol-updown-15m-1776946500,Down,buy,4,89.660873
sol-updown-15m-1776946500,Up,buy,1,20.000000
sol-updown-15m-1776947400,Down,buy,1,30.000000
sol-updown-15m-1776947400,Up,buy,1,4.166665
sol-updown-15m-1776948300,Down,buy,1,3.636362
sol-updown-15m-1776948300,Up,buy,1,8.695651
sol-updown-15m-1776949200,Down,buy,2,36.750000
sol-updown-15m-1776949200,Up,buy,2,27.384614
sol-updown-15m-1776951000,Down,buy,1,5.000000
sol-updown-15m-1776951000,Up,buy,1,75.672411
sol-updown-15m-1776951900,Up,buy,2,13.503075
sol-updown-15m-1776952800,Up,buy,3,43.921567
sol-updown-15m-1776953700,Down,buy,1,8.510637
sol-updown-15m-1776954600,Down,buy,2,23.600000
sol-updown-15m-1776954600,Up,buy,1,17.019606
sol-updown-15m-1776955500,Down,buy,2,20.000000
sol-updown-15m-1776955500,Up,buy,1,2.083332
sol-updown-15m-1776957300,Up,buy,1,3.636362
sol-updown-15m-1776959100,Down,buy,3,19.454542
sol-updown-15m-1776959100,Up,buy,1,2.173912
sol-updown-15m-1776960000,Up,buy,2,10.707988
sol-updown-15m-1776962700,Down,buy,1,5.000000
sol-updown-15m-1776962700,Up,buy,1,1.960783
sol-updown-15m-1776963600,Up,buy,3,44.105246
sol-updown-15m-1776964500,Up,buy,2,42.500000
sol-updown-15m-1776965400,Down,buy,1,2.272726
sol-updown-15m-1776966300,Down,buy,1,2.272726
sol-updown-15m-1776966300,Up,buy,4,32.280644
sol-updown-15m-1776968100,Down,buy,2,18.000000
sol-updown-15m-1776969000,Down,buy,2,4.166664
sol-updown-15m-1776969000,Up,buy,1,5.000000
sol-updown-15m-1776969900,Down,buy,1,3.703702
sol-updown-15m-1776971700,Down,buy,2,7.231881
sol-updown-15m-1776971700,Up,buy,2,27.555990
sol-updown-15m-1776972600,Down,buy,3,17.519506
sol-updown-15m-1776973500,Down,buy,1,2.127658
sol-updown-15m-1776974400,Down,buy,5,47.447478
sol-updown-15m-1776974400,Up,buy,2,6.425478
sol-updown-15m-1776975300,Down,buy,1,7.407406
sol-updown-15m-1776976200,Down,buy,3,26.142929
sol-updown-15m-1776977100,Down,buy,5,59.535790
sol-updown-15m-1776978000,Down,buy,3,14.629200
sol-updown-15m-1776978000,Up,buy,3,332.503188
sol-updown-15m-1776978900,Up,buy,2,71.159660
sol-updown-15m-1776979800,Down,buy,6,65.593184
sol-updown-15m-1776979800,Up,buy,3,24.854371
sol-updown-15m-1776980700,Down,buy,2,11.226986
sol-updown-15m-1776980700,Up,buy,1,2.272726
sol-updown-15m-1776981600,Up,buy,1,4.166665
sol-updown-15m-1776982500,Down,buy,2,9.823600
sol-updown-15m-1776982500,Up,buy,1,1.960783
sol-updown-15m-1776983400,Down,buy,6,40.407872
sol-updown-15m-1776983400,Up,buy,1,2.173912
sol-updown-15m-1776984300,Up,buy,1,2.000000
sol-updown-15m-1776985200,Up,buy,5,38.190000
sol-updown-15m-1776986100,Up,buy,5,28.737452
sol-updown-15m-1776987000,Down,buy,4,31.382240
sol-updown-15m-1776987000,Up,buy,1,1.851850
sol-updown-15m-1776987900,Down,buy,2,1.592590
sol-updown-15m-1776987900,Up,buy,3,60.938532
sol-updown-15m-1776988800,Down,buy,1,9.672400
sol-updown-15m-1776988800,Up,buy,3,16.114545
sol-updown-15m-1776989700,Up,buy,3,33.515320
sol-updown-15m-1776990600,Down,buy,2,9.818490
sol-updown-15m-1776990600,Up,buy,3,29.466863
sol-updown-15m-1776992400,Down,buy,1,4.816400
sol-updown-15m-1776992400,Up,buy,2,10.520777
sol-updown-15m-1776993300,Up,buy,5,62.830089
sol-updown-15m-1776994200,Up,buy,2,17.069006
sol-updown-15m-1776995100,Up,buy,5,129.294067
sol-updown-15m-1776996000,Down,buy,2,40.248190
sol-updown-15m-1776996900,Down,buy,2,9.823600
sol-updown-15m-1776996900,Up,buy,5,57.109631
sol-updown-15m-1776997800,Up,buy,3,26.603126
sol-updown-15m-1776998700,Down,buy,2,19.618400
sol-updown-15m-1776998700,Up,buy,2,3.642370
sol-updown-15m-1776999600,Up,buy,3,12.937744
sol-updown-15m-1777000500,Up,buy,1,7.547168
sol-updown-15m-1777001400,Down,buy,1,14.818180
sol-updown-15m-1777001400,Up,buy,6,27.415896
sol-updown-15m-1777002300,Down,buy,1,9.596800
sol-updown-15m-1777003200,Down,buy,1,4.444443
sol-updown-15m-1777004100,Down,buy,2,4.174126
sol-updown-15m-1777005000,Up,buy,2,38.986180
sol-updown-15m-1777005900,Down,buy,3,21.869526
sol-updown-15m-1777006800,Down,buy,1,15.610978
sol-updown-15m-1777007700,Up,buy,2,22.735987
sol-updown-15m-1777009500,Down,buy,3,25.536980
sol-updown-15m-1777010400,Down,buy,7,170.055432
sol-updown-15m-1777011300,Down,buy,1,2.000000
sol-updown-15m-1777012200,Up,buy,1,18.566158
sol-updown-15m-1777013100,Down,buy,1,2.777776
sol-updown-15m-1777013100,Up,buy,4,172.148708
sol-updown-15m-1777014000,Up,buy,1,37.132307
sol-updown-15m-1777014900,Down,buy,1,14.285713
sol-updown-15m-1777015800,Down,buy,1,24.118000
sol-updown-15m-1777015800,Up,buy,5,54.637730
sol-updown-15m-1777016700,Down,buy,1,2.659573
sol-updown-15m-1777019400,Down,buy,4,22.697860
sol-updown-15m-1777020300,Down,buy,1,2.500000
sol-updown-15m-1777020300,Up,buy,2,6.228170
sol-updown-15m-1777021200,Up,buy,2,28.117010
sol-updown-15m-1777022100,Up,buy,2,13.783280
sol-updown-15m-1777023000,Up,buy,2,81.449688
sol-updown-15m-1777024800,Down,buy,3,48.345309
sol-updown-15m-1777024800,Up,buy,1,20.053342
sol-updown-15m-1777025700,Down,buy,1,1.923075
sol-updown-15m-1777026600,Down,buy,4,56.650076
sol-updown-15m-1777028400,Down,buy,2,11.595432
sol-updown-15m-1777029300,Down,buy,4,22.359094
sol-updown-15m-1777030200,Down,buy,5,70.167760
sol-updown-15m-1777031100,Down,buy,2,55.069040
sol-updown-15m-1777032000,Down,buy,3,88.818093
sol-updown-15m-1777032900,Down,buy,16,227.986848
sol-updown-15m-1777032900,Up,sell,2,27.240000
sol-updown-15m-1777035600,Up,buy,4,70.113368
sol-updown-15m-1777036500,Down,buy,4,29.306918
sol-updown-15m-1777037400,Down,buy,2,19.654400
sol-updown-15m-1777037400,Up,buy,2,30.352310
sol-updown-15m-1777040100,Up,buy,7,104.979540
sol-updown-15m-1777041000,Down,buy,8,85.306340
sol-updown-15m-1777041000,Up,buy,2,34.007360
sol-updown-15m-1777042800,Up,buy,2,11.784000
sol-updown-15m-1777044600,Down,buy,2,9.809200
sol-updown-15m-1777045500,Down,sell,1,18.000000
sol-updown-15m-1777291200,Down,buy,1,37.965369
sol-updown-15m-1777292100,Up,buy,2,9.827200
sol-updown-15m-1777293900,Down,buy,2,4.088674
sol-updown-15m-1777293900,Up,buy,3,77.169156
sol-updown-15m-1777294800,Down,buy,6,36.256472
sol-updown-15m-1777294800,Down,sell,1,2.000000
sol-updown-15m-1777296600,Down,buy,2,76.741134
sol-updown-15m-1777297500,Down,buy,3,13.587135
sol-updown-15m-1777298400,Up,buy,2,25.496590
sol-updown-15m-1777300200,Down,buy,2,39.090978
sol-updown-15m-1777301100,Up,buy,2,29.406000
sol-updown-15m-1777302900,Up,buy,8,727.491490
sol-updown-15m-1777303800,Up,buy,4,48.505032
sol-updown-15m-1777304700,Down,buy,1,9.654400
sol-updown-15m-1777305600,Up,buy,10,386.253614
sol-updown-15m-1777310100,Down,buy,2,10.880560
sol-updown-15m-1777311000,Down,buy,4,21.947052
sol-updown-15m-1777311900,Down,buy,3,9.999229
sol-updown-15m-1777313700,Down,buy,3,14.816400
sol-updown-15m-1777315500,Down,buy,2,10.809920
sol-updown-15m-1777316400,Up,buy,1,19.558400
sol-updown-15m-1777317300,Up,buy,2,2.299570
sol-updown-15m-1777318200,Down,buy,2,19.611200
sol-updown-15m-1777318200,Up,buy,2,9.841600
sol-updown-15m-1777320000,Up,buy,2,35.949822
sol-updown-15m-1777321800,Down,buy,3,20.000000
sol-updown-15m-1777322700,Down,buy,2,10.927118
sol-updown-15m-1777322700,Up,buy,3,24.640000
sol-updown-15m-1777323600,Down,buy,3,21.550768
sol-updown-15m-1777323600,Up,buy,1,5.000000
sol-updown-15m-1777324500,Up,buy,2,9.830800
sol-updown-15m-1777325400,Down,buy,2,10.880560
sol-updown-15m-1777326300,Down,buy,2,9.823600
sol-updown-15m-1777326300,Up,buy,2,39.702620
sol-updown-15m-1777327200,Down,sell,2,10.000000
sol-updown-15m-1777329000,Down,buy,4,19.647200
sol-updown-15m-1777330800,Down,buy,6,138.593850
sol-updown-15m-1777332600,Down,buy,2,9.820000
sol-updown-15m-1777333500,Down,buy,2,10.809920
sol-updown-15m-1777334400,Down,buy,6,100.242362
sol-updown-15m-1777335300,Up,buy,4,38.372580
sol-updown-15m-1777337100,Down,buy,2,10.880560
sol-updown-15m-1777338000,Down,buy,1,5.000000
sol-updown-15m-1777339800,Up,buy,2,10.821800
sol-updown-15m-1777340700,Up,buy,2,3.182850
sol-updown-15m-1777341600,Up,buy,4,52.619286
sol-updown-15m-1777344300,Up,buy,4,19.684170
sol-updown-15m-1777345200,Down,buy,2,9.812800
sol-updown-15m-1777346100,Up,buy,2,9.827200
sol-updown-15m-1777347000,Up,buy,2,9.838000
sol-updown-15m-1777347900,Down,buy,3,14.611200
sol-updown-15m-1777347900,Up,buy,3,64.273424
sol-updown-15m-1777348800,Down,buy,2,9.823600
sol-updown-15m-1777349700,Down,buy,2,9.823600
sol-updown-15m-1777350600,Up,buy,3,15.198740
sol-updown-15m-1777351500,Up,buy,2,14.440700
sol-updown-15m-1777352400,Down,buy,2,9.816400
sol-updown-15m-1777353300,Down,buy,2,9.823600
sol-updown-15m-1777354200,Down,buy,7,37.488967
sol-updown-15m-1777355100,Up,buy,2,10.817840
sol-updown-15m-1777356000,Up,buy,3,19.502120
sol-updown-15m-1777356900,Down,buy,4,20.700560
sol-updown-15m-1777357800,Up,buy,2,9.827200
sol-updown-15m-1777358700,Up,sell,2,3.840000
sol-updown-15m-1777359600,Down,buy,2,9.823600
sol-updown-15m-1777360500,Up,buy,2,9.823600
sol-updown-15m-1777361400,Down,buy,1,9.625600
sol-updown-15m-1777361400,Up,buy,2,9.830800
sol-updown-15m-1777362300,Down,buy,5,31.427274
sol-updown-15m-1777362300,Up,buy,1,18.936276
sol-updown-15m-1777363200,Down,buy,2,10.809920
sol-updown-15m-1777364100,Up,buy,5,45.377840
sol-updown-15m-1777365000,Down,buy,2,9.823600
sol-updown-15m-1777365900,Up,buy,2,10.822370
sol-updown-15m-1777366800,Down,buy,2,10.880560
sol-updown-15m-1777368600,Up,buy,2,9.830800
sol-updown-15m-1777369500,Up,buy,2,106.182708
sol-updown-15m-1777370400,Down,buy,2,11.766720
sol-updown-15m-1777370400,Up,buy,4,20.659800
sol-updown-15m-1777371300,Down,buy,2,28.046856
sol-updown-15m-1777373100,Down,buy,2,10.817840
sol-updown-15m-1777373100,Up,buy,1,5.000000
sol-updown-15m-1777374000,Down,buy,4,33.388000
sol-updown-15m-1777379400,Up,buy,2,17.855270
sol-updown-15m-1777382100,Up,buy,2,4.380000
sol-updown-15m-1777383900,Down,buy,2,11.886790
sol-updown-15m-1777384800,Up,buy,2,10.000000
sol-updown-15m-1777385700,Up,buy,2,11.886790
sol-updown-15m-1777386600,Up,buy,2,10.000000
sol-updown-15m-1777387500,Up,buy,2,1.660000
sol-updown-15m-1777388400,Down,buy,3,8.773582
sol-updown-15m-1777389300,Up,buy,1,5.000000
sol-updown-15m-1777392900,Down,buy,2,11.886790
sol-updown-15m-1777393800,Down,buy,6,56.366068
sol-updown-15m-1777394700,Up,buy,2,11.886790
sol-updown-15m-1777395600,Down,buy,2,10.000000
sol-updown-15m-1777401000,Down,buy,2,10.000000
sol-updown-15m-1777402800,Down,buy,2,20.000000
sol-updown-15m-1777405500,Down,buy,2,35.714280
sol-updown-15m-1777407300,Up,buy,2,10.000000
sol-updown-15m-1777410000,Up,buy,2,10.714280
sol-updown-15m-1777411800,Up,buy,2,11.471696
sol-updown-15m-1777414500,Down,buy,2,11.076920
sol-updown-15m-1777415400,Up,buy,4,22.740582
sol-updown-15m-1777418100,Down,buy,2,10.000000
sol-updown-15m-1777419000,Down,buy,1,11.761729
sol-updown-15m-1777419900,Down,buy,2,11.285712
sol-updown-15m-1777419900,Up,buy,2,13.478258
sol-updown-15m-1777420800,Down,buy,2,11.087716
sol-updown-15m-1777421700,Up,buy,3,36.170209
sol-updown-15m-1777422600,Up,buy,2,11.471696
sol-updown-15m-1777423500,Up,sell,1,5.000000
sol-updown-15m-1777424400,Down,buy,2,11.272724
sol-updown-15m-1777424400,Up,sell,1,4.230000
sol-updown-15m-1777426200,Up,buy,2,11.692304
sol-updown-15m-1777427100,Down,buy,2,3.500000
sol-updown-15m-1777427100,Up,sell,1,5.000000
sol-updown-15m-1777428000,Up,sell,1,5.000000
sol-updown-15m-1777428900,Down,buy,3,38.856000
sol-updown-15m-1777428900,Up,sell,1,5.000000
sol-updown-15m-1777430700,Up,buy,2,12.115382
sol-updown-15m-1777431600,Down,buy,2,26.481478
sol-updown-15m-1777432500,Down,buy,1,100.000000
sol-updown-15m-1777433400,Down,buy,4,62.000000
sol-updown-15m-1777434300,Down,buy,4,21.999992
sol-updown-15m-1777435200,Down,buy,1,2.040815
sol-updown-15m-1777437000,Down,buy,1,11.666665
sol-updown-15m-1777437900,Down,buy,2,9.836060
sol-updown-15m-1777437900,Up,buy,2,6.666664
sol-updown-15m-1777438800,Down,buy,3,77.571420
sol-updown-15m-1777443300,Up,buy,1,5.000000
sol-updown-15m-1777444200,Up,buy,2,20.900000
sol-updown-15m-1777446900,Down,buy,2,27.169808
sol-updown-15m-1777450500,Down,buy,1,5.000000
sol-updown-15m-1777450500,Up,buy,6,322.593390
sol-updown-15m-1777452300,Up,buy,2,11.272724
sol-updown-15m-1777453200,Down,buy,1,3.921567
sol-updown-15m-1777455000,Down,buy,4,58.280696
sol-updown-15m-1777456800,Down,buy,4,16.551407
sol-updown-15m-1777457700,Down,buy,4,16.666664
sol-updown-15m-1777458600,Down,buy,2,6.896546
sol-updown-15m-1777462200,Up,buy,4,86.100000
sol-updown-15m-1777464900,Down,buy,2,10.200000
sol-updown-15m-1777464900,Up,buy,4,20.000000
sol-updown-15m-1777465800,Up,buy,2,11.285712
sol-updown-15m-1777466700,Down,buy,2,10.000000
sol-updown-15m-1777468500,Down,buy,2,68.666664
sol-updown-15m-1777470300,Down,buy,2,12.000000
sol-updown-15m-1777470300,Up,buy,4,10.980000
sol-updown-15m-1777472100,Up,buy,2,11.886790
sol-updown-15m-1777474800,Down,buy,2,10.000000
sol-updown-15m-1777475700,Down,buy,2,12.000000
sol-updown-15m-1777476600,Up,buy,2,10.000000
sol-updown-15m-1777477500,Down,buy,1,6.000000
sol-updown-15m-1777478400,Down,buy,2,23.809520
sol-updown-15m-1777479300,Up,buy,2,7.906975
sol-updown-15m-1777482900,Up,buy,1,5.050000
sol-updown-15m-1777483800,Up,buy,2,11.165712
sol-updown-15m-1777486500,Up,buy,2,11.285712
sol-updown-15m-1777487400,Up,buy,2,11.272724
sol-updown-15m-1777489200,Down,buy,2,11.520000
sol-updown-15m-1777491000,Down,buy,2,11.098036
sol-updown-15m-1777491000,Up,buy,2,10.000000
sol-updown-15m-1777491900,Up,buy,2,11.272724
sol-updown-15m-1777492800,Up,buy,2,4.000000
sol-updown-15m-1777493700,Down,buy,2,10.400000
sol-updown-15m-1777493700,Up,buy,1,16.260000
sol-updown-15m-1777495500,Down,buy,1,10.614034
sol-updown-15m-1777496400,Down,buy,2,11.272724
sol-updown-15m-1777497300,Down,buy,3,98.832262
sol-updown-15m-1777498200,Down,buy,4,20.000000
sol-updown-5m-1776875400,Down,buy,1,4.081631
sol-updown-5m-1776875700,Down,buy,2,28.365000
sol-updown-5m-1776875700,Up,buy,2,10.000000
sol-updown-5m-1776876000,Down,buy,2,18.000000
sol-updown-5m-1776876000,Up,buy,1,3.846152
sol-updown-5m-1776876300,Down,buy,2,7.083332
sol-updown-5m-1776876300,Up,buy,3,27.943393
sol-updown-5m-1776876600,Down,buy,1,2.040815
sol-updown-5m-1776876600,Up,buy,3,58.490562
sol-updown-5m-1776876900,Down,buy,1,2.083332
sol-updown-5m-1776876900,Up,buy,4,199.999997
sol-updown-5m-1776877500,Down,buy,3,20.941175
sol-updown-5m-1776877500,Up,buy,1,5.000000
sol-updown-5m-1776877800,Down,buy,2,22.254900
sol-updown-5m-1776878100,Down,buy,2,41.147764
sol-updown-5m-1776878100,Up,buy,1,5.000000
sol-updown-5m-1776878400,Down,buy,2,85.150941
sol-updown-5m-1776878400,Up,buy,2,13.000000
sol-updown-5m-1776878700,Down,buy,1,1.923075
sol-updown-5m-1776878700,Up,buy,2,5.120000
sol-updown-5m-1776879000,Down,buy,1,3.884614
sol-updown-5m-1776879300,Down,buy,1,1.923075
sol-updown-5m-1776879300,Up,buy,1,5.000000
sol-updown-5m-1776879600,Down,buy,1,3.921567
sol-updown-5m-1776879600,Up,buy,2,4.040000
sol-updown-5m-1776880200,Down,buy,3,10.805426
sol-updown-5m-1776880200,Up,buy,1,4.000000
sol-updown-5m-1776880500,Down,buy,3,13.846152
sol-updown-5m-1776880500,Up,buy,1,5.000000
sol-updown-5m-1776880800,Down,buy,2,6.923075
sol-updown-5m-1776881100,Down,buy,2,8.980391
sol-updown-5m-1776881100,Up,buy,1,3.000000
sol-updown-5m-1776881400,Down,buy,2,12.788460
sol-updown-5m-1776881700,Down,buy,3,12.923075
sol-updown-5m-1776881700,Up,buy,2,21.326529
sol-updown-5m-1776882000,Down,buy,7,67.081131
sol-updown-5m-1776882000,Up,buy,1,31.456077
sol-updown-5m-1776882300,Down,buy,4,11.993075
sol-updown-5m-1776882300,Up,buy,2,7.000000
sol-updown-5m-1776882600,Down,buy,3,15.000000
sol-updown-5m-1776882600,Up,buy,4,10.226665
sol-updown-5m-1776882900,Down,buy,4,15.538458
sol-updown-5m-1776882900,Up,buy,2,13.150000
sol-updown-5m-1776883200,Down,buy,5,21.886791
sol-updown-5m-1776883200,Up,buy,2,4.081630
sol-updown-5m-1776883500,Down,buy,4,26.946188
sol-updown-5m-1776883500,Up,buy,2,9.000000
sol-updown-5m-1776883800,Down,buy,6,34.000000
sol-updown-5m-1776883800,Down,sell,1,6.000000
sol-updown-5m-1776883800,Up,buy,1,1.960783
sol-updown-5m-1776884100,Down,buy,2,10.000000
sol-updown-5m-1776884400,Down,buy,1,2.083332
sol-updown-5m-1776884400,Up,buy,5,77.671554
sol-updown-5m-1776884700,Down,buy,1,16.000000
sol-updown-5m-1776884700,Up,buy,3,52.981131
sol-updown-5m-1776885000,Down,buy,1,31.006325
sol-updown-5m-1776885000,Up,buy,2,39.606791
sol-updown-5m-1776885300,Down,buy,1,2.083332
sol-updown-5m-1776885300,Up,buy,1,75.470000
sol-updown-5m-1776885600,Down,buy,2,11.921567
sol-updown-5m-1776885600,Up,buy,1,15.384614
sol-updown-5m-1776885900,Down,buy,3,29.230768
sol-updown-5m-1776885900,Up,buy,1,5.000000
sol-updown-5m-1776885900,Up,sell,1,20.690000
sol-updown-5m-1776886500,Down,buy,3,14.928332
sol-updown-5m-1776886500,Up,buy,5,49.579620
sol-updown-5m-1776886800,Down,buy,3,28.968122
sol-updown-5m-1776886800,Up,buy,1,59.000000
sol-updown-5m-1776887100,Down,buy,2,14.000000
sol-updown-5m-1776887100,Up,buy,2,94.700768
sol-updown-5m-1776887700,Down,buy,2,12.571427
sol-updown-5m-1776887700,Up,buy,1,1.851850
sol-updown-5m-1776888000,Down,buy,1,3.921567
sol-updown-5m-1776888300,Down,buy,1,7.843136
sol-updown-5m-1776888300,Up,buy,2,10.000000
sol-updown-5m-1776888600,Down,buy,1,2.000000
sol-updown-5m-1776889200,Down,buy,1,1.960783
sol-updown-5m-1776889200,Up,buy,2,10.000000
sol-updown-5m-1776889500,Down,buy,1,2.083332
sol-updown-5m-1776889500,Up,buy,1,95.920000
sol-updown-5m-1776889800,Down,buy,1,4.081631
sol-updown-5m-1776889800,Up,buy,1,5.000000
sol-updown-5m-1776890100,Down,buy,1,2.000000
sol-updown-5m-1776890400,Down,buy,2,24.714284
sol-updown-5m-1776890400,Up,buy,1,189.166665
sol-updown-5m-1776891000,Down,buy,1,2.000000
sol-updown-5m-1776891000,Up,buy,1,5.000000
sol-updown-5m-1776891300,Down,buy,1,2.040815
sol-updown-5m-1776891300,Up,buy,1,19.000000
sol-updown-5m-1776891600,Down,buy,1,2.083332
sol-updown-5m-1776891900,Down,buy,1,4.000000
sol-updown-5m-1776892200,Down,buy,1,8.000000
sol-updown-5m-1776892500,Down,buy,3,21.131940
sol-updown-5m-1776892500,Up,buy,1,5.000000
sol-updown-5m-1776892800,Down,buy,1,1.960783
sol-updown-5m-1776893100,Down,buy,1,4.000000
sol-updown-5m-1776893100,Up,buy,1,5.000000
sol-updown-5m-1776893400,Down,buy,2,12.000000
sol-updown-5m-1776893700,Down,buy,3,184.981850
sol-updown-5m-1776893700,Up,buy,3,24.255317
sol-updown-5m-1776894000,Down,buy,4,148.014813
sol-updown-5m-1776894000,Up,buy,2,5.460990
sol-updown-5m-1776894300,Down,buy,4,46.890281
sol-updown-5m-1776894300,Up,buy,2,7.083332
sol-updown-5m-1776894600,Down,buy,12,279.003289
sol-updown-5m-1776894600,Up,buy,1,2.173912
sol-updown-5m-1776894900,Down,buy,8,219.849995
sol-updown-5m-1776894900,Up,buy,3,15.255318
sol-updown-5m-1776895200,Down,buy,1,74.350000
sol-updown-5m-1776895200,Up,buy,1,2.127658
sol-updown-5m-1776895500,Down,buy,2,17.403843
sol-updown-5m-1776895500,Up,buy,3,12.241567
sol-updown-5m-1776895800,Down,buy,2,8.038460
sol-updown-5m-1776895800,Up,buy,1,2.000000
sol-updown-5m-1776896100,Up,buy,2,9.000000
sol-updown-5m-1776896400,Up,buy,3,27.692306
sol-updown-5m-1776896700,Up,buy,5,81.518167
sol-updown-5m-1776897000,Up,buy,3,56.981131
sol-updown-5m-1776897300,Up,buy,1,1.923075
sol-updown-5m-1776897600,Down,buy,1,140.132074
sol-updown-5m-1776897600,Up,buy,1,5.000000
sol-updown-5m-1776897900,Down,buy,1,282.272726
sol-updown-5m-1776897900,Up,buy,1,5.000000
sol-updown-5m-1776898200,Down,buy,1,1.960783
sol-updown-5m-1776898200,Up,buy,1,5.000000
sol-updown-5m-1776898500,Up,buy,2,6.960783
sol-updown-5m-1776898800,Down,buy,2,12.843136
sol-updown-5m-1776899100,Down,buy,1,2.040815
sol-updown-5m-1776899100,Up,buy,4,25.396225
sol-updown-5m-1776899400,Down,buy,2,8.921567
sol-updown-5m-1776899400,Up,buy,2,15.826791
sol-updown-5m-1776899700,Down,buy,2,18.640000
sol-updown-5m-1776899700,Up,buy,1,5.000000
sol-updown-5m-1776900000,Down,buy,1,2.000000
sol-updown-5m-1776900000,Up,buy,1,7.000000
sol-updown-5m-1776900300,Down,buy,2,33.333332
sol-updown-5m-1776900300,Up,buy,6,71.452828
sol-updown-5m-1776900600,Down,buy,2,9.166665
sol-updown-5m-1776900600,Up,buy,1,31.056602
sol-updown-5m-1776900900,Down,buy,1,2.040815
sol-updown-5m-1776900900,Up,buy,2,37.716980
sol-updown-5m-1776901200,Down,buy,1,2.083332
sol-updown-5m-1776901200,Up,buy,2,34.509431
sol-updown-5m-1776901500,Down,buy,3,25.740000
sol-updown-5m-1776901500,Up,buy,2,35.250000
sol-updown-5m-1776901800,Down,buy,1,1.960783
sol-updown-5m-1776901800,Up,buy,2,30.490565
sol-updown-5m-1776902100,Down,buy,1,2.000000
sol-updown-5m-1776902100,Up,buy,2,30.743206
sol-updown-5m-1776902400,Down,buy,1,2.040815
sol-updown-5m-1776902400,Up,buy,1,7.000000
sol-updown-5m-1776902700,Down,buy,2,11.500000
sol-updown-5m-1776902700,Up,buy,1,35.169810
sol-updown-5m-1776903000,Up,buy,2,30.000000
sol-updown-5m-1776903300,Down,buy,1,5.000000
sol-updown-5m-1776903300,Up,buy,5,28.504813
sol-updown-5m-1776903600,Down,buy,5,37.320000
sol-updown-5m-1776903600,Up,buy,1,13.790000
sol-updown-5m-1776903900,Up,buy,2,26.730000
sol-updown-5m-1776904500,Down,buy,2,12.711537
sol-updown-5m-1776904500,Up,buy,1,5.000000
sol-updown-5m-1776904800,Down,buy,4,28.981129
sol-updown-5m-1776905400,Down,buy,2,6.923075
sol-updown-5m-1776905400,Up,buy,4,49.547828
sol-updown-5m-1776905700,Down,buy,1,2.000000
sol-updown-5m-1776905700,Up,buy,3,67.430979
sol-updown-5m-1776906000,Down,buy,2,10.000000
sol-updown-5m-1776906300,Down,buy,4,207.515447
sol-updown-5m-1776906300,Up,buy,5,48.750000
sol-updown-5m-1776906600,Down,buy,1,2.000000
sol-updown-5m-1776906600,Up,buy,1,7.000000
sol-updown-5m-1776906900,Up,buy,3,23.615383
sol-updown-5m-1776907200,Down,buy,1,2.083332
sol-updown-5m-1776907200,Up,buy,4,53.205369
sol-updown-5m-1776907500,Down,buy,1,2.083332
sol-updown-5m-1776907500,Up,buy,7,64.514824
sol-updown-5m-1776907800,Down,buy,2,9.166665
sol-updown-5m-1776907800,Up,buy,3,23.126791
sol-updown-5m-1776908100,Down,buy,2,60.253332
sol-updown-5m-1776908100,Up,buy,3,36.964813
sol-updown-5m-1776908400,Down,buy,2,9.081631
sol-updown-5m-1776908400,Up,buy,3,25.886480
sol-updown-5m-1776908700,Up,buy,1,15.000000
sol-updown-5m-1776909000,Down,buy,3,36.988822
sol-updown-5m-1776909000,Up,buy,2,16.990000
sol-updown-5m-1776909300,Down,buy,2,12.000000
sol-updown-5m-1776909300,Up,buy,2,24.196077
sol-updown-5m-1776909900,Down,buy,1,6.000000
sol-updown-5m-1776909900,Up,buy,3,12.020000
sol-updown-5m-1776910200,Down,buy,2,8.846152
sol-updown-5m-1776910200,Up,buy,2,18.500000
sol-updown-5m-1776910500,Down,buy,1,17.764704
sol-updown-5m-1776910500,Up,buy,3,15.000000
sol-updown-5m-1776910800,Up,buy,3,11.990000
sol-updown-5m-1776911100,Up,buy,1,2.000000
sol-updown-5m-1776911400,Down,buy,1,2.083332
sol-updown-5m-1776911400,Up,buy,5,217.139088
sol-updown-5m-1776911700,Down,buy,1,2.127658
sol-updown-5m-1776911700,Up,buy,4,132.222406
sol-updown-5m-1776912000,Down,buy,1,2.173912
sol-updown-5m-1776912000,Up,buy,6,81.414543
sol-updown-5m-1776912300,Up,buy,1,6.092591
sol-updown-5m-1776912600,Down,buy,1,8.163264
sol-updown-5m-1776912600,Up,buy,1,15.000000
sol-updown-5m-1776912900,Down,buy,2,21.852800
sol-updown-5m-1776912900,Up,buy,1,10.057691
sol-updown-5m-1776913500,Down,buy,1,4.081631
sol-updown-5m-1776913500,Up,buy,1,9.610000
sol-updown-5m-1776913800,Down,buy,1,1.960783
sol-updown-5m-1776913800,Up,buy,1,10.000000
sol-updown-5m-1776914100,Down,buy,1,2.083332
sol-updown-5m-1776914100,Up,buy,1,15.000000
sol-updown-5m-1776914400,Down,buy,1,2.000000
sol-updown-5m-1776914700,Down,buy,1,4.081631
sol-updown-5m-1776914700,Up,buy,1,15.000000
sol-updown-5m-1776915300,Down,buy,1,2.040815
sol-updown-5m-1776915600,Down,buy,2,22.040815
sol-updown-5m-1776915600,Up,buy,4,41.057691
sol-updown-5m-1776915900,Down,buy,1,3.081631
sol-updown-5m-1776915900,Up,buy,3,32.656980
sol-updown-5m-1776916200,Down,buy,1,2.040815
sol-updown-5m-1776916200,Up,buy,3,53.900533
sol-updown-5m-1776916500,Down,buy,1,4.166665
sol-updown-5m-1776916500,Up,buy,2,14.216791
sol-updown-5m-1776916800,Down,buy,1,8.000000
sol-updown-5m-1776917400,Down,buy,1,4.000000
sol-updown-5m-1776917700,Down,buy,2,20.093136
sol-updown-5m-1776918000,Down,buy,1,5.000000
sol-updown-5m-1776918300,Up,buy,1,10.000000
sol-updown-5m-1776918600,Up,buy,1,5.500000
sol-updown-5m-1776918900,Down,buy,3,17.000000
sol-updown-5m-1776919200,Down,buy,4,54.710369
sol-updown-5m-1776919500,Down,buy,4,47.254148
sol-updown-5m-1776919500,Up,buy,2,12.000000
sol-updown-5m-1776919800,Down,buy,1,26.636345
sol-updown-5m-1776920100,Down,buy,1,1.923075
sol-updown-5m-1776920100,Up,buy,1,2.000000
sol-updown-5m-1776920400,Down,buy,1,5.000000
sol-updown-5m-1776920700,Down,buy,5,63.773582
sol-updown-5m-1776920700,Up,buy,2,56.070783
sol-updown-5m-1776921000,Down,buy,3,55.910000
sol-updown-5m-1776921000,Up,buy,4,43.512463
sol-updown-5m-1776921600,Down,buy,1,186.578147
sol-updown-5m-1776921600,Up,buy,3,9.440000
sol-updown-5m-1776921900,Up,buy,2,13.921567
sol-updown-5m-1776922200,Up,buy,1,7.843136
sol-updown-5m-1776922500,Down,buy,1,16.326529
sol-updown-5m-1776922500,Up,buy,2,13.480768
sol-updown-5m-1776922800,Down,buy,1,2.083332
sol-updown-5m-1776922800,Up,buy,1,9.433961
sol-updown-5m-1776923100,Down,buy,1,4.255318
sol-updown-5m-1776923100,Up,buy,2,56.380000
sol-updown-5m-1776923400,Down,buy,5,35.100407
sol-updown-5m-1776923400,Up,buy,1,3.921567
sol-updown-5m-1776923700,Down,buy,2,26.650000
sol-updown-5m-1776924300,Down,buy,3,40.000000
sol-updown-5m-1776924300,Up,buy,2,72.574508
sol-updown-5m-1776924600,Down,buy,3,25.000000
sol-updown-5m-1776924600,Up,buy,2,5.877548
sol-updown-5m-1776924900,Down,buy,2,11.923075
sol-updown-5m-1776924900,Up,buy,1,5.000000
sol-updown-5m-1776925200,Down,buy,1,5.000000
sol-updown-5m-1776925500,Down,buy,2,6.923075
sol-updown-5m-1776925500,Up,buy,1,5.000000
sol-updown-5m-1776925800,Down,buy,3,22.000000
sol-updown-5m-1776925800,Up,buy,1,1.960783
sol-updown-5m-1776926100,Down,buy,4,38.128299
sol-updown-5m-1776926100,Up,buy,2,7.127658
sol-updown-5m-1776926400,Down,buy,1,5.000000
sol-updown-5m-1776926400,Up,buy,4,24.102038
sol-updown-5m-1776926700,Down,buy,1,70.000000
sol-updown-5m-1776926700,Up,buy,1,7.843136
sol-updown-5m-1776927000,Down,buy,1,20.000000
sol-updown-5m-1776927000,Up,buy,4,42.346936
sol-updown-5m-1776927300,Up,buy,2,6.249997
sol-updown-5m-1776927900,Down,buy,1,1.960783
sol-updown-5m-1776927900,Up,buy,2,33.921567
sol-updown-5m-1776928200,Down,buy,1,5.000000
sol-updown-5m-1776928500,Up,buy,1,16.929810
sol-updown-5m-1776928800,Up,buy,3,41.850376
sol-updown-5m-1776929100,Up,buy,1,1.960783
sol-updown-5m-1776929700,Down,buy,1,7.000000
sol-updown-5m-1776929700,Up,buy,1,3.190000
sol-updown-5m-1776930000,Down,buy,2,72.547168
sol-updown-5m-1776930000,Up,buy,2,11.857141
sol-updown-5m-1776930300,Up,buy,2,11.411762
sol-updown-5m-1776930600,Down,buy,1,39.210000
sol-updown-5m-1776930600,Up,buy,3,65.512233
sol-updown-5m-1776930900,Down,buy,1,4.081631
sol-updown-5m-1776930900,Up,buy,2,9.326922
sol-updown-5m-1776931200,Up,buy,1,5.471697
sol-updown-5m-1776931500,Up,buy,3,36.895861
sol-updown-5m-1776931800,Down,sell,1,1.960000
sol-updown-5m-1776931800,Up,buy,1,3.040000
sol-updown-5m-1776932100,Up,buy,1,5.490195
sol-updown-5m-1776932400,Down,buy,1,4.081631
sol-updown-5m-1776932400,Up,buy,1,5.480768
sol-updown-5m-1776932700,Down,sell,1,0.400000
sol-updown-5m-1776932700,Up,buy,2,11.000000
sol-updown-5m-1776933000,Down,buy,2,8.229165
sol-updown-5m-1776933000,Up,buy,3,67.547167
sol-updown-5m-1776933300,Down,buy,1,2.127658
sol-updown-5m-1776933300,Up,buy,2,78.979431
sol-updown-5m-1776933600,Up,buy,1,60.000000
sol-updown-5m-1776933900,Down,buy,1,2.127658
sol-updown-5m-1776933900,Up,buy,4,76.982796
sol-updown-5m-1776934200,Up,buy,2,50.169810
sol-updown-5m-1776934500,Down,buy,1,8.163264
sol-updown-5m-1776934800,Down,buy,1,19.600000
sol-updown-5m-1776934800,Up,buy,3,40.730000
sol-updown-5m-1776935100,Down,buy,1,2.083332
sol-updown-5m-1776935100,Up,buy,4,45.433960
sol-updown-5m-1776935400,Down,buy,1,2.083332
sol-updown-5m-1776935400,Up,buy,5,66.184713
sol-updown-5m-1776935700,Down,buy,1,2.127658
sol-updown-5m-1776935700,Up,buy,5,93.094336
sol-updown-5m-1776936000,Down,buy,1,4.000000
sol-updown-5m-1776936000,Up,buy,2,16.191567
sol-updown-5m-1776936300,Down,buy,2,12.020000
sol-updown-5m-1776936300,Up,buy,1,39.213268
sol-updown-5m-1776936600,Down,buy,1,4.000000
sol-updown-5m-1776936600,Up,buy,2,5.000000
sol-updown-5m-1776936900,Down,buy,1,8.000000
sol-updown-5m-1776936900,Up,buy,1,9.800000
sol-updown-5m-1776937200,Down,buy,1,1.960783
sol-updown-5m-1776937200,Up,buy,1,5.000000
sol-updown-5m-1776937500,Down,buy,2,6.886791
sol-updown-5m-1776937800,Down,buy,1,2.000000
sol-updown-5m-1776937800,Up,buy,2,18.882351
sol-updown-5m-1776938100,Down,buy,1,2.083332
sol-updown-5m-1776938100,Up,buy,3,19.370000
sol-updown-5m-1776938400,Down,buy,2,8.458330
sol-updown-5m-1776938400,Up,buy,3,53.773582
sol-updown-5m-1776938700,Down,buy,5,40.204078
sol-updown-5m-1776938700,Up,buy,2,38.769229
sol-updown-5m-1776939000,Down,buy,3,26.185917
sol-updown-5m-1776939300,Down,buy,2,6.249997
sol-updown-5m-1776939300,Up,buy,4,21.226412
sol-updown-5m-1776939600,Down,buy,4,13.916662
sol-updown-5m-1776939600,Up,buy,5,64.286601
sol-updown-5m-1776939900,Down,buy,5,23.249144
sol-updown-5m-1776939900,Up,buy,6,87.701129
sol-updown-5m-1776940200,Down,buy,2,18.853200
sol-updown-5m-1776940200,Up,buy,1,3.313724
sol-updown-5m-1776940500,Down,buy,2,53.603075
sol-updown-5m-1776940500,Up,buy,2,5.390000
sol-updown-5m-1776940800,Down,buy,4,102.362074
sol-updown-5m-1776940800,Up,buy,2,8.846152
sol-updown-5m-1776941100,Down,buy,2,7.040815
sol-updown-5m-1776941400,Down,buy,1,2.000000
sol-updown-5m-1776941400,Up,buy,1,3.000000
sol-updown-5m-1776941700,Down,buy,1,1.960783
sol-updown-5m-1776941700,Up,buy,2,16.000000
sol-updown-5m-1776942000,Down,buy,1,4.081631
sol-updown-5m-1776942000,Up,buy,2,20.000000
sol-updown-5m-1776942300,Down,buy,2,12.960783
sol-updown-5m-1776942600,Up,buy,2,20.000000
sol-updown-5m-1776942900,Down,buy,3,69.832976
sol-updown-5m-1776942900,Up,buy,1,5.000000
sol-updown-5m-1776943200,Down,buy,4,37.692306
sol-updown-5m-1776943200,Up,buy,2,10.000000
sol-updown-5m-1776943500,Down,buy,1,5.000000
sol-updown-5m-1776943500,Up,buy,1,16.530979
sol-updown-5m-1776944100,Down,buy,2,20.384614
sol-updown-5m-1776944100,Up,buy,1,4.081631
sol-updown-5m-1776944400,Down,buy,2,15.000000
sol-updown-5m-1776944400,Up,buy,2,13.000000
sol-updown-5m-1776944700,Down,buy,5,43.624452
sol-updown-5m-1776944700,Up,buy,3,8.163261
sol-updown-5m-1776945000,Down,buy,10,119.079143
sol-updown-5m-1776945000,Up,buy,4,13.290812
sol-updown-5m-1776945300,Down,buy,10,298.568410
sol-updown-5m-1776945300,Up,buy,4,13.470045
sol-updown-5m-1776945600,Down,buy,5,54.878517
sol-updown-5m-1776945600,Up,buy,4,15.638294
sol-updown-5m-1776945900,Down,buy,5,211.914442
sol-updown-5m-1776945900,Up,buy,3,8.556888
sol-updown-5m-1776946200,Down,buy,5,186.862960
sol-updown-5m-1776946200,Up,buy,5,20.643958
sol-updown-5m-1776946200,Up,sell,1,1.700000
sol-updown-5m-1776946500,Down,buy,3,142.962960
sol-updown-5m-1776946500,Up,buy,2,6.296133
sol-updown-5m-1776946800,Down,buy,7,239.654442
sol-updown-5m-1776946800,Up,buy,4,13.556888
sol-updown-5m-1776947100,Down,buy,4,197.194442
sol-updown-5m-1776947100,Up,buy,6,23.283991
sol-updown-5m-1776947400,Down,buy,1,5.000000
sol-updown-5m-1776947400,Up,buy,4,23.163264
sol-updown-5m-1776947700,Down,buy,7,248.779255
sol-updown-5m-1776947700,Up,buy,4,25.510633
sol-updown-5m-1776948000,Down,buy,5,67.948262
sol-updown-5m-1776948000,Up,buy,4,48.349797
sol-updown-5m-1776948300,Down,buy,2,6.960783
sol-updown-5m-1776948300,Up,buy,2,66.717168
sol-updown-5m-1776948600,Down,buy,3,240.399104
sol-updown-5m-1776948600,Down,sell,1,0.200000
sol-updown-5m-1776948600,Up,buy,8,189.455742
sol-updown-5m-1776948900,Down,buy,2,8.040815
sol-updown-5m-1776948900,Up,buy,4,25.802350
sol-updown-5m-1776949200,Down,buy,3,16.000000
sol-updown-5m-1776949200,Up,buy,2,6.960783
sol-updown-5m-1776949500,Down,buy,4,18.710404
sol-updown-5m-1776949500,Up,buy,2,7.884614
sol-updown-5m-1776949800,Down,buy,1,5.000000
sol-updown-5m-1776949800,Up,buy,3,16.764703
sol-updown-5m-1776950100,Down,buy,2,24.000000
sol-updown-5m-1776950100,Up,buy,1,7.000000
sol-updown-5m-1776950400,Down,buy,2,36.943831
sol-updown-5m-1776950400,Up,buy,3,14.634612
sol-updown-5m-1776950700,Down,buy,1,12.448978
sol-updown-5m-1776950700,Up,buy,3,25.000000
sol-updown-5m-1776951000,Down,buy,1,2.040815
sol-updown-5m-1776951000,Up,buy,3,36.320753
sol-updown-5m-1776951300,Down,buy,3,14.133670
sol-updown-5m-1776951300,Up,buy,3,21.730768
sol-updown-5m-1776951600,Down,buy,5,59.568625
sol-updown-5m-1776951600,Up,buy,2,9.000000
sol-updown-5m-1776951600,Up,sell,1,18.740000
sol-updown-5m-1776951900,Down,buy,3,21.081631
sol-updown-5m-1776951900,Up,buy,1,10.000000
sol-updown-5m-1776952200,Down,buy,2,9.901959
sol-updown-5m-1776952200,Up,buy,3,20.290000
sol-updown-5m-1776952500,Down,buy,3,40.193400
sol-updown-5m-1776952500,Up,buy,2,17.000000
sol-updown-5m-1776952800,Down,buy,1,31.633200
sol-updown-5m-1776952800,Up,buy,1,1.000000
sol-updown-5m-1776953100,Down,buy,2,4.991631
sol-updown-5m-1776953100,Up,buy,2,11.960783
sol-updown-5m-1776953400,Down,buy,3,49.960783
sol-updown-5m-1776953400,Up,buy,3,34.607842
sol-updown-5m-1776953400,Up,sell,1,18.910000
sol-updown-5m-1776953700,Down,buy,3,8.163261
sol-updown-5m-1776953700,Up,buy,5,28.630255
sol-updown-5m-1776954000,Down,buy,3,44.300000
sol-updown-5m-1776954000,Up,buy,3,12.692304
sol-updown-5m-1776954000,Up,sell,1,27.930000
sol-updown-5m-1776954300,Down,buy,6,44.091502
sol-updown-5m-1776954300,Up,buy,2,5.546665
sol-updown-5m-1776954600,Down,buy,5,38.811566
sol-updown-5m-1776954600,Up,buy,1,5.000000
sol-updown-5m-1776954900,Down,buy,1,20.000000
sol-updown-5m-1776954900,Up,buy,3,13.500000
sol-updown-5m-1776955200,Down,buy,4,28.528297
sol-updown-5m-1776955200,Up,buy,4,39.919597
sol-updown-5m-1776955500,Down,buy,6,76.406117
sol-updown-5m-1776955500,Up,buy,3,8.205778
sol-updown-5m-1776955800,Down,buy,10,157.543703
sol-updown-5m-1776955800,Up,buy,5,17.499994
sol-updown-5m-1776956100,Down,buy,7,225.961726
sol-updown-5m-1776956100,Up,buy,2,6.122446
sol-updown-5m-1776956400,Down,buy,4,19.148144
sol-updown-5m-1776956400,Up,buy,2,6.382976
sol-updown-5m-1776956700,Down,buy,1,4.000000
sol-updown-5m-1776956700,Up,buy,3,24.843136
sol-updown-5m-1776957000,Down,buy,2,72.830187
sol-updown-5m-1776957000,Up,buy,3,26.072306
sol-updown-5m-1776957300,Down,buy,1,4.081631
sol-updown-5m-1776957600,Down,buy,8,74.566033
sol-updown-5m-1776957600,Up,buy,6,25.583326
sol-updown-5m-1776957900,Down,buy,5,32.046683
sol-updown-5m-1776957900,Up,buy,4,12.544320
sol-updown-5m-1776958200,Up,buy,1,3.921567
sol-updown-5m-1776958500,Down,buy,2,120.410247
sol-updown-5m-1776958800,Down,buy,2,16.634614
sol-updown-5m-1776958800,Up,buy,2,7.040815
sol-updown-5m-1776959100,Down,buy,3,53.108300
sol-updown-5m-1776959100,Up,buy,1,2.000000
sol-updown-5m-1776959400,Down,buy,5,89.473580
sol-updown-5m-1776959400,Up,buy,2,7.040815
sol-updown-5m-1776959700,Down,buy,3,35.149997
sol-updown-5m-1776959700,Up,buy,3,13.921567
sol-updown-5m-1776960000,Down,buy,1,38.679244
sol-updown-5m-1776960000,Up,buy,3,18.000000
sol-updown-5m-1776960300,Down,buy,1,38.841319
sol-updown-5m-1776960300,Up,buy,4,29.890000
sol-updown-5m-1776960600,Down,buy,1,3.921567
sol-updown-5m-1776960600,Up,buy,3,30.000000
sol-updown-5m-1776960900,Down,buy,1,4.000000
sol-updown-5m-1776960900,Up,buy,1,3.921567
sol-updown-5m-1776961200,Up,buy,2,17.820783
sol-updown-5m-1776961500,Down,buy,3,24.940407
sol-updown-5m-1776961500,Up,buy,2,24.230768
sol-updown-5m-1776961800,Up,buy,1,37.019229
sol-updown-5m-1776962400,Up,buy,1,3.846152
sol-updown-5m-1776962700,Down,buy,2,40.000000
sol-updown-5m-1776963000,Down,buy,2,22.000000
sol-updown-5m-1776963000,Up,buy,1,7.000000
sol-updown-5m-1776963300,Down,buy,1,2.040815
sol-updown-5m-1776963300,Up,buy,4,52.013147
sol-updown-5m-1776963600,Up,buy,4,58.648145
sol-updown-5m-1776963900,Down,buy,3,42.916664
sol-updown-5m-1776963900,Up,buy,5,77.528296
sol-updown-5m-1776964200,Up,buy,6,71.962257
sol-updown-5m-1776964500,Up,buy,1,3.921567
sol-updown-5m-1776964800,Down,buy,1,2.083332
sol-updown-5m-1776964800,Up,buy,1,6.000000
sol-updown-5m-1776965100,Down,buy,1,4.081631
sol-updown-5m-1776965100,Up,buy,2,17.481567
sol-updown-5m-1776965400,Down,buy,1,2.127658
sol-updown-5m-1776965700,Down,buy,1,4.166665
sol-updown-5m-1776965700,Up,buy,2,7.547164
sol-updown-5m-1776966000,Down,buy,1,2.040815
sol-updown-5m-1776966000,Up,buy,3,9.546961
sol-updown-5m-1776966300,Down,buy,2,24.166665
sol-updown-5m-1776966300,Up,buy,5,25.669732
sol-updown-5m-1776966600,Down,buy,1,8.000000
sol-updown-5m-1776966600,Up,buy,3,10.769227
sol-updown-5m-1776966900,Down,buy,3,32.901957
sol-updown-5m-1776966900,Up,buy,1,4.000000
sol-updown-5m-1776967500,Down,buy,2,155.940000
sol-updown-5m-1776967500,Up,buy,1,4.166665
sol-updown-5m-1776967800,Down,buy,6,202.942916
sol-updown-5m-1776967800,Up,buy,4,49.122446
sol-updown-5m-1776968100,Down,buy,1,5.110000
sol-updown-5m-1776968400,Down,buy,2,5.806935
sol-updown-5m-1776968400,Up,buy,1,47.000000
sol-updown-5m-1776968700,Up,buy,2,10.000000
sol-updown-5m-1776969000,Down,buy,2,5.846152
sol-updown-5m-1776969000,Up,buy,2,24.740000
sol-updown-5m-1776969300,Down,buy,1,4.000000
sol-updown-5m-1776969300,Up,buy,3,32.701904
sol-updown-5m-1776969600,Down,buy,4,34.359620
sol-updown-5m-1776969600,Up,buy,4,19.222446
sol-updown-5m-1776969900,Down,buy,1,5.000000
sol-updown-5m-1776969900,Up,buy,2,20.195400
sol-updown-5m-1776970200,Down,buy,2,16.634614
sol-updown-5m-1776970200,Up,buy,3,49.415282
sol-updown-5m-1776970500,Down,buy,1,11.530000
sol-updown-5m-1776970500,Up,buy,2,7.040815
sol-updown-5m-1776970800,Down,sell,1,10.000000
sol-updown-5m-1776970800,Up,buy,1,4.081631
sol-updown-5m-1776971100,Down,buy,4,34.902861
sol-updown-5m-1776971100,Up,buy,4,15.909994
sol-updown-5m-1776971400,Down,buy,3,48.130586
sol-updown-5m-1776971400,Up,buy,1,13.040000
sol-updown-5m-1776971700,Down,buy,1,27.549018
sol-updown-5m-1776971700,Up,buy,1,5.000000
sol-updown-5m-1776972000,Down,buy,4,82.175368
sol-updown-5m-1776972000,Up,buy,1,7.240000
sol-updown-5m-1776972300,Down,buy,5,169.736008
sol-updown-5m-1776972600,Down,buy,3,11.830800
sol-updown-5m-1776972600,Up,buy,6,38.295956
sol-updown-5m-1776972900,Down,buy,3,16.820000
sol-updown-5m-1776972900,Up,buy,1,26.367746
sol-updown-5m-1776973200,Down,buy,1,2.040815
sol-updown-5m-1776973200,Up,buy,3,120.153381
sol-updown-5m-1776973500,Down,buy,2,38.901960
sol-updown-5m-1776973500,Up,buy,2,23.114358
sol-updown-5m-1776973800,Down,buy,6,34.602649
sol-updown-5m-1776973800,Up,buy,6,61.263890
sol-updown-5m-1776974100,Down,buy,4,32.505360
sol-updown-5m-1776974100,Up,buy,1,2.000000
sol-updown-5m-1776974400,Down,buy,5,155.131366
sol-updown-5m-1776974400,Up,buy,3,84.739945
sol-updown-5m-1776974700,Down,buy,2,9.827200
sol-updown-5m-1776974700,Up,buy,3,15.900183
sol-updown-5m-1776975000,Down,buy,4,19.650800
sol-updown-5m-1776975000,Up,buy,5,19.713215
sol-updown-5m-1776975300,Down,buy,4,17.386584
sol-updown-5m-1776975300,Up,buy,2,9.000000
sol-updown-5m-1776975600,Down,buy,2,7.566432
sol-updown-5m-1776975600,Down,sell,2,42.460000
sol-updown-5m-1776975600,Up,buy,3,23.604000
sol-updown-5m-1776975900,Down,buy,7,27.836492
sol-updown-5m-1776975900,Up,buy,7,255.182272
sol-updown-5m-1776976200,Up,buy,5,60.740591
sol-updown-5m-1776976500,Down,buy,8,80.125886
sol-updown-5m-1776976500,Up,buy,1,2.040815
sol-updown-5m-1776976800,Down,buy,3,14.640000
sol-updown-5m-1776976800,Up,buy,5,35.164193
sol-updown-5m-1776977100,Down,buy,6,43.194824
sol-updown-5m-1776977100,Up,buy,1,4.000000
sol-updown-5m-1776977400,Down,buy,8,561.694856
sol-updown-5m-1776977400,Up,buy,5,38.098832
sol-updown-5m-1776977700,Down,buy,2,37.796926
sol-updown-5m-1776977700,Up,buy,5,34.183917
sol-updown-5m-1776978000,Up,buy,6,112.316688
sol-updown-5m-1776978300,Down,buy,1,27.326080
sol-updown-5m-1776978300,Up,buy,3,82.442501
sol-updown-5m-1776978600,Up,buy,5,34.428435
sol-updown-5m-1776978900,Down,buy,2,7.856000
sol-updown-5m-1776979200,Down,buy,4,33.388000
sol-updown-5m-1776979200,Up,buy,3,5.813179
sol-updown-5m-1776979500,Down,buy,6,131.766124
sol-updown-5m-1776979500,Up,buy,2,8.013392
sol-updown-5m-1776979800,Down,buy,9,96.586284
sol-updown-5m-1776979800,Up,buy,6,132.169284
sol-updown-5m-1776980100,Down,buy,8,229.910410
sol-updown-5m-1776980100,Up,buy,4,22.544998
sol-updown-5m-1776980400,Down,buy,13,365.870510
sol-updown-5m-1776980400,Up,buy,7,47.175532
sol-updown-5m-1776980400,Up,sell,2,191.460000
sol-updown-5m-1776980700,Down,buy,14,350.418554
sol-updown-5m-1776980700,Up,buy,5,68.913700
sol-updown-5m-1776981000,Down,buy,10,284.075537
sol-updown-5m-1776981000,Up,buy,5,249.204557
sol-updown-5m-1776981300,Down,buy,3,22.864939
sol-updown-5m-1776981300,Up,buy,5,20.521345
sol-updown-5m-1776981600,Down,buy,2,9.823600
sol-updown-5m-1776981600,Up,buy,4,29.308784
sol-updown-5m-1776981900,Up,buy,4,17.947264
sol-updown-5m-1776982200,Down,buy,2,15.717760
sol-updown-5m-1776982200,Up,buy,5,21.676000
sol-updown-5m-1776982500,Down,buy,2,37.788150
sol-updown-5m-1776982500,Up,buy,3,9.856000
sol-updown-5m-1776982800,Down,buy,2,22.863538
sol-updown-5m-1776982800,Up,buy,2,9.816400
sol-updown-5m-1776983100,Up,buy,3,11.856000
sol-updown-5m-1776983400,Down,buy,8,88.166024
sol-updown-5m-1776983400,Up,buy,7,70.691172
sol-updown-5m-1776983700,Down,buy,7,59.061139
sol-updown-5m-1776983700,Up,buy,7,31.806464
sol-updown-5m-1776984000,Down,buy,4,44.794434
sol-updown-5m-1776984000,Up,buy,6,61.197474
sol-updown-5m-1776984300,Down,buy,6,52.927548
sol-updown-5m-1776984300,Up,buy,4,19.793072
sol-updown-5m-1776984600,Up,buy,7,33.460000
sol-updown-5m-1776984900,Down,buy,4,85.024872
sol-updown-5m-1776984900,Up,buy,6,67.463242
sol-updown-5m-1776985200,Down,buy,2,8.177340
sol-updown-5m-1776985200,Up,buy,7,40.920960
sol-updown-5m-1776985500,Down,buy,3,13.816400
sol-updown-5m-1776985500,Up,buy,8,60.704499
sol-updown-5m-1776985800,Down,buy,3,12.095023
sol-updown-5m-1776985800,Up,buy,8,111.811508
sol-updown-5m-1776986100,Down,buy,5,185.650848
sol-updown-5m-1776986100,Up,buy,11,96.163270
sol-updown-5m-1776986400,Down,buy,4,16.354680
sol-updown-5m-1776986400,Up,buy,4,19.847086
sol-updown-5m-1776986700,Down,buy,3,597.383217
sol-updown-5m-1776986700,Up,buy,4,20.267908
sol-updown-5m-1776987000,Down,buy,5,52.592182
sol-updown-5m-1776987000,Up,buy,2,11.792640
sol-updown-5m-1776987300,Down,buy,2,7.856000
sol-updown-5m-1776987300,Up,buy,3,15.709887
sol-updown-5m-1776987600,Down,buy,2,8.013392
sol-updown-5m-1776987600,Up,buy,9,77.910423
sol-updown-5m-1776987900,Down,buy,2,9.820000
sol-updown-5m-1776987900,Up,buy,6,38.755074
sol-updown-5m-1776988200,Down,buy,10,68.713220
sol-updown-5m-1776988200,Up,buy,7,33.932165
sol-updown-5m-1776988500,Down,buy,1,4.827200
sol-updown-5m-1776988500,Up,buy,4,65.981610
sol-updown-5m-1776988800,Down,buy,3,14.647200
sol-updown-5m-1776988800,Up,buy,7,48.815955
sol-updown-5m-1776989100,Down,buy,2,9.823600
sol-updown-5m-1776989100,Up,buy,7,33.241821
sol-updown-5m-1776989400,Down,buy,8,119.161682
sol-updown-5m-1776989400,Up,buy,7,66.801360
sol-updown-5m-1776989700,Down,buy,6,27.496000
sol-updown-5m-1776989700,Up,buy,6,79.013992
sol-updown-5m-1776990000,Down,buy,4,21.813246
sol-updown-5m-1776990000,Up,buy,7,110.614820
sol-updown-5m-1776990300,Down,buy,9,148.640650
sol-updown-5m-1776990300,Up,buy,8,45.491525
sol-updown-5m-1776990600,Down,buy,2,9.820000
sol-updown-5m-1776990600,Up,buy,5,21.453887
sol-updown-5m-1776990900,Down,buy,5,39.939238
sol-updown-5m-1776990900,Up,buy,3,15.865631
sol-updown-5m-1776991200,Down,buy,3,14.827200
sol-updown-5m-1776991200,Up,buy,6,70.802200
sol-updown-5m-1776991500,Down,buy,5,73.534840
sol-updown-5m-1776991500,Up,buy,2,15.516800
sol-updown-5m-1776991800,Down,buy,3,14.823600
sol-updown-5m-1776991800,Up,buy,3,117.353075
sol-updown-5m-1776992100,Down,buy,4,49.100000
sol-updown-5m-1776992100,Up,buy,6,28.414671
sol-updown-5m-1776992400,Down,buy,3,28.389441
sol-updown-5m-1776992400,Up,buy,8,72.859432
sol-updown-5m-1776992700,Down,buy,8,120.861192
sol-updown-5m-1776992700,Up,buy,9,69.496770
sol-updown-5m-1776993000,Down,buy,3,40.091592
sol-updown-5m-1776993000,Up,buy,7,79.777052
sol-updown-5m-1776993300,Down,buy,5,308.314533
sol-updown-5m-1776993300,Up,buy,13,110.545764
sol-updown-5m-1776993600,Down,buy,5,45.642285
sol-updown-5m-1776993600,Up,buy,8,109.874022
sol-updown-5m-1776993900,Down,buy,3,122.331450
sol-updown-5m-1776993900,Up,buy,9,101.814071
sol-updown-5m-1776994200,Down,buy,4,14.192433
sol-updown-5m-1776994200,Up,buy,7,41.901538
sol-updown-5m-1776994500,Down,buy,5,127.355136
sol-updown-5m-1776994500,Up,buy,9,95.261044
sol-updown-5m-1776994800,Down,buy,7,62.920000
sol-updown-5m-1776994800,Up,buy,6,53.342150
sol-updown-5m-1776995100,Down,buy,3,4.004095
sol-updown-5m-1776995100,Up,buy,10,111.320946
sol-updown-5m-1776995400,Down,buy,10,116.473450
sol-updown-5m-1776995400,Up,buy,10,285.743714
sol-updown-5m-1776995700,Down,buy,8,97.596664
sol-updown-5m-1776995700,Up,buy,2,11.779680
sol-updown-5m-1776996000,Down,buy,9,115.132276
sol-updown-5m-1776996000,Up,buy,5,255.675990
sol-updown-5m-1776996300,Down,buy,13,121.714886
sol-updown-5m-1776996300,Up,buy,4,19.788752
sol-updown-5m-1776996600,Down,buy,2,37.791820
sol-updown-5m-1776996600,Up,buy,5,37.615994
sol-updown-5m-1776996900,Down,buy,2,9.820000
sol-updown-5m-1776996900,Up,buy,5,34.547990
sol-updown-5m-1776997200,Down,buy,2,7.704784
sol-updown-5m-1776997200,Up,buy,3,11.780783
sol-updown-5m-1776997500,Down,buy,2,7.856000
sol-updown-5m-1776997500,Up,buy,3,17.656885
sol-updown-5m-1776997800,Down,buy,3,65.262197
sol-updown-5m-1776997800,Up,buy,1,7.843136
sol-updown-5m-1776998100,Down,buy,1,2.000000
sol-updown-5m-1776998100,Up,buy,2,7.704784
sol-updown-5m-1776998400,Down,buy,3,11.820000
sol-updown-5m-1776998400,Up,buy,2,7.704784
sol-updown-5m-1776998700,Down,buy,5,50.127671
sol-updown-5m-1776999000,Down,buy,3,9.856000
sol-updown-5m-1776999300,Down,buy,3,41.400458
sol-updown-5m-1776999300,Up,buy,8,42.580576
sol-updown-5m-1776999600,Down,buy,3,13.983065
sol-updown-5m-1776999600,Up,buy,8,32.826204
sol-updown-5m-1776999900,Down,buy,3,10.031592
sol-updown-5m-1776999900,Up,buy,8,60.128860
sol-updown-5m-1777000200,Down,buy,3,12.180057
sol-updown-5m-1777000200,Up,buy,7,29.320800
sol-updown-5m-1777000500,Down,buy,2,6.122446
sol-updown-5m-1777000500,Up,buy,6,51.101440
sol-updown-5m-1777000800,Down,buy,1,2.083332
sol-updown-5m-1777000800,Up,buy,7,39.266424
sol-updown-5m-1777001100,Down,buy,2,4.088674
sol-updown-5m-1777001100,Up,buy,5,34.310772
sol-updown-5m-1777001400,Down,buy,2,6.172007
sol-updown-5m-1777001400,Up,buy,3,26.943111
sol-updown-5m-1777001700,Down,buy,3,10.304998
sol-updown-5m-1777001700,Up,buy,4,31.451360
sol-updown-5m-1777002000,Down,buy,3,12.432658
sol-updown-5m-1777002000,Up,buy,5,34.829902
sol-updown-5m-1777002300,Down,buy,1,11.748590
sol-updown-5m-1777002300,Up,buy,5,33.770796
sol-updown-5m-1777002600,Down,buy,3,24.215592
sol-updown-5m-1777002600,Up,buy,6,38.870834
sol-updown-5m-1777002900,Down,buy,3,39.923392
sol-updown-5m-1777002900,Up,buy,4,19.647200
sol-updown-5m-1777003200,Down,buy,1,62.000000
sol-updown-5m-1777003200,Up,buy,8,56.003524
sol-updown-5m-1777003500,Down,buy,1,2.040815
sol-updown-5m-1777003500,Up,buy,8,54.746098
sol-updown-5m-1777003800,Down,buy,1,2.083332
sol-updown-5m-1777003800,Up,buy,6,104.403026
sol-updown-5m-1777004100,Down,buy,7,43.280000
sol-updown-5m-1777004100,Up,buy,4,19.493104
sol-updown-5m-1777004400,Down,buy,3,27.803264
sol-updown-5m-1777004400,Up,buy,9,84.610400
sol-updown-5m-1777004700,Down,buy,3,55.471844
sol-updown-5m-1777004700,Up,buy,5,38.424000
sol-updown-5m-1777005000,Down,buy,2,11.605885
sol-updown-5m-1777005000,Up,buy,4,24.694629
sol-updown-5m-1777005300,Down,buy,1,2.083332
sol-updown-5m-1777005300,Up,buy,8,47.558820
sol-updown-5m-1777005600,Down,buy,3,6.216332
sol-updown-5m-1777005600,Up,buy,8,59.347860
sol-updown-5m-1777005900,Down,buy,4,75.602364
sol-updown-5m-1777005900,Up,buy,8,73.740534
sol-updown-5m-1777006200,Down,buy,5,25.835664
sol-updown-5m-1777006200,Up,buy,6,48.380066
sol-updown-5m-1777006500,Down,buy,5,29.574700
sol-updown-5m-1777006500,Up,buy,6,40.518306
sol-updown-5m-1777006800,Down,buy,3,32.943378
sol-updown-5m-1777006800,Up,buy,1,5.788320
sol-updown-5m-1777007100,Down,buy,2,3.928000
sol-updown-5m-1777007100,Up,buy,6,20.709077
sol-updown-5m-1777007400,Down,buy,2,8.177340
sol-updown-5m-1777007400,Up,buy,10,164.238314
sol-updown-5m-1777007700,Down,buy,2,13.496000
sol-updown-5m-1777007700,Up,buy,1,5.788320
sol-updown-5m-1777008000,Down,buy,2,7.856000
sol-updown-5m-1777008000,Up,buy,5,33.150922
sol-updown-5m-1777008300,Down,buy,3,9.832442
sol-updown-5m-1777008300,Up,buy,8,159.489550
sol-updown-5m-1777008600,Up,buy,6,38.052501
sol-updown-5m-1777008900,Down,buy,3,236.217340
sol-updown-5m-1777008900,Up,buy,8,76.907178
sol-updown-5m-1777009200,Down,buy,3,23.721631
sol-updown-5m-1777009200,Up,buy,4,32.941558
sol-updown-5m-1777009500,Down,buy,7,28.108381
sol-updown-5m-1777009800,Down,buy,8,123.757376
sol-updown-5m-1777009800,Up,buy,8,67.054140
sol-updown-5m-1777010100,Down,buy,6,50.782692
sol-updown-5m-1777010100,Up,buy,3,46.195280
sol-updown-5m-1777010400,Down,buy,14,187.055578
sol-updown-5m-1777010400,Up,buy,9,869.812452
sol-updown-5m-1777010700,Down,buy,4,42.557326
sol-updown-5m-1777010700,Up,buy,5,23.717311
sol-updown-5m-1777011000,Down,buy,2,19.223434
sol-updown-5m-1777011000,Up,buy,6,56.958160
sol-updown-5m-1777011300,Down,buy,4,19.008970
sol-updown-5m-1777011300,Up,buy,7,29.536815
sol-updown-5m-1777011600,Down,buy,5,43.823574
sol-updown-5m-1777011600,Up,buy,7,80.788800
sol-updown-5m-1777011900,Down,buy,4,933.723776
sol-updown-5m-1777011900,Up,buy,2,11.775360
sol-updown-5m-1777012200,Down,buy,1,9.439122
sol-updown-5m-1777012200,Up,buy,2,16.388000
sol-updown-5m-1777012500,Up,buy,9,37.035826
sol-updown-5m-1777012800,Down,buy,2,24.040162
sol-updown-5m-1777012800,Up,buy,8,55.200878
sol-updown-5m-1777013100,Down,buy,1,58.823680
sol-updown-5m-1777013100,Up,buy,5,71.233597
sol-updown-5m-1777013400,Up,buy,3,1788.469200
sol-updown-5m-1777013700,Down,buy,4,16.910040
sol-updown-5m-1777013700,Up,buy,4,31.011754
sol-updown-5m-1777014000,Down,buy,2,14.037350
sol-updown-5m-1777014000,Up,buy,3,23.937980
sol-updown-5m-1777014300,Down,buy,2,19.993404
sol-updown-5m-1777014300,Up,buy,6,88.358404
sol-updown-5m-1777014600,Down,buy,6,29.609920
sol-updown-5m-1777014600,Up,buy,2,234.368904
sol-updown-5m-1777014900,Down,buy,2,9.823600
sol-updown-5m-1777014900,Up,buy,10,48.876062
sol-updown-5m-1777015200,Down,buy,2,7.704784
sol-updown-5m-1777015200,Up,buy,4,31.008154
sol-updown-5m-1777015500,Down,buy,2,19.993404
sol-updown-5m-1777015500,Up,buy,10,63.849084
sol-updown-5m-1777015800,Down,buy,2,19.640000
sol-updown-5m-1777015800,Up,buy,4,29.042337
sol-updown-5m-1777016100,Down,buy,2,469.649782
sol-updown-5m-1777016100,Up,buy,8,33.269572
sol-updown-5m-1777016400,Down,buy,4,42.715078
sol-updown-5m-1777016400,Up,buy,5,30.537760
sol-updown-5m-1777016700,Down,buy,2,7.856000
sol-updown-5m-1777016700,Up,buy,4,31.011754
sol-updown-5m-1777017000,Down,buy,6,33.160462
sol-updown-5m-1777017000,Up,buy,10,65.680386
sol-updown-5m-1777017300,Down,buy,6,55.848738
sol-updown-5m-1777017300,Up,buy,6,23.565120
sol-updown-5m-1777017600,Down,buy,2,20.443340
sol-updown-5m-1777017600,Up,buy,2,921.005148
sol-updown-5m-1777017900,Down,buy,4,45.490124
sol-updown-5m-1777017900,Up,buy,10,68.700720
sol-updown-5m-1777018200,Down,buy,2,38.494400
sol-updown-5m-1777018200,Up,buy,6,40.838954
sol-updown-5m-1777018500,Down,buy,2,23.568000
sol-updown-5m-1777018500,Up,buy,6,40.736446
sol-updown-5m-1777018800,Down,buy,6,25.128780
sol-updown-5m-1777018800,Up,buy,8,96.883914
sol-updown-5m-1777019100,Down,buy,4,1774.936262
sol-updown-5m-1777019100,Down,sell,2,36.160000
sol-updown-5m-1777019100,Up,buy,4,17.628480
sol-updown-5m-1777019100,Up,sell,2,20.000000
sol-updown-5m-1777019400,Down,buy,4,28.984005
sol-updown-5m-1777019400,Up,buy,2,10.596080
sol-updown-5m-1777019700,Up,buy,8,39.283600
sol-updown-5m-1777020000,Up,buy,10,105.840054
sol-updown-5m-1777020300,Up,buy,8,48.543738
sol-updown-5m-1777020600,Down,buy,6,66.476850
sol-updown-5m-1777020600,Up,buy,2,11.784000
sol-updown-5m-1777020900,Down,buy,2,19.223434
sol-updown-5m-1777020900,Down,sell,2,18.860000
sol-updown-5m-1777020900,Up,buy,4,19.640000
sol-updown-5m-1777021200,Down,buy,2,19.640000
sol-updown-5m-1777021200,Up,buy,9,45.696494
sol-updown-5m-1777021500,Up,buy,10,62.996880
sol-updown-5m-1777021800,Down,buy,4,25.044768
sol-updown-5m-1777021800,Up,buy,9,396.210034
sol-updown-5m-1777022100,Up,buy,12,178.567444
sol-updown-5m-1777022400,Up,buy,8,75.688284
sol-updown-5m-1777022700,Down,buy,2,19.640000
sol-updown-5m-1777022700,Up,buy,2,9.823600
sol-updown-5m-1777023000,Down,buy,1,9.809732
sol-updown-5m-1777023000,Up,buy,1,3.664622
sol-updown-5m-1777023300,Up,buy,6,33.169102
sol-updown-5m-1777023600,Up,buy,2,19.223434
sol-updown-5m-1777023900,Down,buy,6,38.530648
sol-updown-5m-1777023900,Up,buy,4,23.799764
sol-updown-5m-1777024200,Down,buy,8,274.369924
sol-updown-5m-1777024200,Up,buy,4,20.119296
sol-updown-5m-1777024500,Down,buy,6,111.005938
sol-updown-5m-1777024500,Up,buy,2,11.784000
sol-updown-5m-1777024800,Down,buy,5,30.374077
sol-updown-5m-1777025100,Down,buy,3,34.833240
sol-updown-5m-1777025100,Up,buy,6,39.397840
sol-updown-5m-1777025400,Down,buy,2,37.784620
sol-updown-5m-1777025400,Up,buy,4,39.280000
sol-updown-5m-1777025700,Down,buy,8,53.989406
sol-updown-5m-1777025700,Up,buy,4,39.280000
sol-updown-5m-1777026000,Down,buy,2,18.898466
sol-updown-5m-1777026300,Down,buy,6,28.725666
sol-updown-5m-1777026300,Up,buy,2,12.020084
sol-updown-5m-1777026600,Down,buy,2,13.927293
sol-updown-5m-1777026600,Up,buy,1,5.775360
sol-updown-5m-1777026900,Down,buy,10,1507.392058
sol-updown-5m-1777026900,Up,buy,3,17.660037
sol-updown-5m-1777027200,Down,buy,5,43.207014
sol-updown-5m-1777027500,Down,buy,7,168.449041
sol-updown-5m-1777027500,Up,buy,2,11.775360
sol-updown-5m-1777027800,Down,buy,8,97.292946
sol-updown-5m-1777027800,Up,buy,2,40.066944
sol-updown-5m-1777028100,Down,buy,14,260.951770
sol-updown-5m-1777028100,Up,buy,4,52.176602
sol-updown-5m-1777028400,Down,buy,3,77.006648
sol-updown-5m-1777028400,Up,buy,3,58.678254
sol-updown-5m-1777028700,Down,buy,7,438.072873
sol-updown-5m-1777029000,Down,buy,6,143.200516
sol-updown-5m-1777029000,Up,buy,6,67.954806
sol-updown-5m-1777029300,Down,buy,9,454.036440
sol-updown-5m-1777029300,Up,buy,2,12.522384
sol-updown-5m-1777029300,Up,sell,1,11.110000
sol-updown-5m-1777029600,Down,buy,4,439.000580
sol-updown-5m-1777029600,Up,buy,4,32.641682
sol-updown-5m-1777029900,Down,buy,10,1049.370264
sol-updown-5m-1777029900,Up,sell,2,25.520000
sol-updown-5m-1777030200,Down,buy,5,115.281586
sol-updown-5m-1777030200,Up,buy,1,4.809200
sol-updown-5m-1777030500,Down,buy,4,225.655438
sol-updown-5m-1777030800,Down,buy,6,452.461916
sol-updown-5m-1777031100,Down,buy,4,262.817298
sol-updown-5m-1777031400,Down,buy,6,165.314556
sol-updown-5m-1777031400,Up,buy,1,5.897637
sol-updown-5m-1777031700,Down,buy,4,28.722066
sol-updown-5m-1777032000,Down,buy,6,253.732526
sol-updown-5m-1777032000,Up,buy,2,58.855200
sol-updown-5m-1777032300,Down,buy,14,138.599254
sol-updown-5m-1777032300,Up,sell,2,24.460000
sol-updown-5m-1777032600,Down,buy,13,187.034313
sol-updown-5m-1777032600,Up,buy,2,29.445600
sol-updown-5m-1777032600,Up,sell,2,25.000000
sol-updown-5m-1777032900,Down,buy,8,396.693724
sol-updown-5m-1777032900,Up,buy,2,39.236800
sol-updown-5m-1777033200,Down,buy,5,452.135562
sol-updown-5m-1777033500,Down,buy,5,316.085816
sol-updown-5m-1777033800,Down,buy,1,9.283083
sol-updown-5m-1777034100,Down,buy,4,23.152874
sol-updown-5m-1777034100,Up,buy,7,50.109253
sol-updown-5m-1777034400,Up,buy,4,30.780616
sol-updown-5m-1777034700,Down,buy,2,19.993404
sol-updown-5m-1777034700,Up,buy,2,11.792640
sol-updown-5m-1777035600,Down,buy,2,19.401567
sol-updown-5m-1777035600,Up,buy,3,14.945756
sol-updown-5m-1777035900,Down,buy,2,19.640000
sol-updown-5m-1777035900,Up,buy,2,7.704784
sol-updown-5m-1777036200,Down,buy,6,79.097496
sol-updown-5m-1777036500,Down,buy,4,47.089580
sol-updown-5m-1777036500,Up,buy,2,20.443340
sol-updown-5m-1777036800,Down,buy,2,18.898466
sol-updown-5m-1777036800,Up,buy,4,23.799764
sol-updown-5m-1777037100,Down,buy,7,28.392971
sol-updown-5m-1777037100,Up,buy,4,31.773084
sol-updown-5m-1777037400,Down,buy,2,19.223434
sol-updown-5m-1777037400,Up,buy,2,11.784000
sol-updown-5m-1777037700,Down,buy,2,19.640000
sol-updown-5m-1777037700,Up,buy,5,42.946847
sol-updown-5m-1777038000,Down,buy,3,41.205787
sol-updown-5m-1777038000,Up,buy,4,48.618324
sol-updown-5m-1777038300,Up,buy,2,18.511586
sol-updown-5m-1777038600,Down,buy,4,60.532504
sol-updown-5m-1777038600,Up,buy,8,179.057040
sol-updown-5m-1777038900,Up,buy,12,371.249198
sol-updown-5m-1777039200,Down,buy,2,39.731540
sol-updown-5m-1777039200,Up,buy,6,39.732506
sol-updown-5m-1777039500,Down,buy,6,85.503828
sol-updown-5m-1777039500,Up,buy,6,76.346372
sol-updown-5m-1777039800,Down,buy,2,9.812800
sol-updown-5m-1777039800,Up,buy,13,97.403322
sol-updown-5m-1777040100,Down,buy,6,75.550020
sol-updown-5m-1777040100,Up,buy,10,99.521464
sol-updown-5m-1777040400,Down,buy,2,28.252694
sol-updown-5m-1777040400,Up,buy,12,96.746342
sol-updown-5m-1777040700,Down,buy,2,19.993404
sol-updown-5m-1777040700,Up,buy,2,11.792640
sol-updown-5m-1777041000,Up,buy,8,89.385208
sol-updown-5m-1777041300,Down,buy,2,19.993404
sol-updown-5m-1777041300,Up,buy,6,64.630464
sol-updown-5m-1777041600,Up,buy,2,19.223434
sol-updown-5m-1777041900,Down,buy,6,116.603510
sol-updown-5m-1777041900,Up,buy,4,51.045280
sol-updown-5m-1777042200,Down,buy,1,1.929440
sol-updown-5m-1777042200,Up,buy,6,109.087488
sol-updown-5m-1777042500,Up,buy,6,92.575466
sol-updown-5m-1777042800,Down,buy,3,21.833434
sol-updown-5m-1777042800,Up,buy,3,38.434000
sol-updown-5m-1777043100,Down,buy,6,70.922492
sol-updown-5m-1777043100,Up,buy,8,297.905168
sol-updown-5m-1777043400,Down,buy,2,7.704784
sol-updown-5m-1777043400,Up,buy,12,80.055746
sol-updown-5m-1777043700,Down,buy,2,18.876724
sol-updown-5m-1777043700,Up,buy,8,152.074868
sol-updown-5m-1777044000,Up,buy,4,31.011754
sol-updown-5m-1777044300,Down,buy,2,19.223434
sol-updown-5m-1777044300,Up,buy,4,19.682122
sol-updown-5m-1777044600,Down,buy,4,29.043434
sol-updown-5m-1777044600,Up,buy,4,15.713440
sol-updown-5m-1777044900,Down,buy,8,133.139560
sol-updown-5m-1777044900,Up,buy,2,19.223434
sol-updown-5m-1777045200,Down,buy,2,19.223434
sol-updown-5m-1777045200,Up,buy,2,11.784000
sol-updown-5m-1777045500,Down,buy,1,19.615383
sol-updown-5m-1777045500,Up,buy,4,39.306118
sol-updown-5m-1777291200,Down,buy,1,9.647200
sol-updown-5m-1777291500,Up,buy,2,9.823600
sol-updown-5m-1777291800,Up,buy,1,5.000000
sol-updown-5m-1777292700,Up,buy,3,18.753040
sol-updown-5m-1777293600,Up,buy,5,36.460650
sol-updown-5m-1777293900,Down,buy,6,17.944034
sol-updown-5m-1777293900,Up,buy,6,149.376512
sol-updown-5m-1777294200,Down,buy,5,31.236902
sol-updown-5m-1777294200,Up,buy,4,31.228782
sol-updown-5m-1777294500,Up,buy,2,3.928000
sol-updown-5m-1777294800,Down,buy,2,3.928000
sol-updown-5m-1777294800,Up,buy,2,3.779690
sol-updown-5m-1777295400,Down,buy,1,5.000000
sol-updown-5m-1777295700,Down,buy,2,5.953110
sol-updown-5m-1777296000,Down,buy,2,5.953110
sol-updown-5m-1777296000,Up,buy,1,4.080000
sol-updown-5m-1777296300,Down,buy,4,47.090518
sol-updown-5m-1777296300,Up,buy,1,4.170000
sol-updown-5m-1777297200,Down,buy,5,21.154886
sol-updown-5m-1777297200,Up,buy,2,8.013392
sol-updown-5m-1777297500,Down,buy,2,9.827200
sol-updown-5m-1777297800,Down,buy,2,4.174126
sol-updown-5m-1777297800,Up,buy,6,120.532080
sol-updown-5m-1777298100,Up,buy,1,5.000000
sol-updown-5m-1777298400,Down,buy,2,11.544090
sol-updown-5m-1777298400,Up,buy,2,3.779690
sol-updown-5m-1777299000,Up,buy,1,5.000000
sol-updown-5m-1777299600,Down,buy,2,13.742960
sol-updown-5m-1777299900,Down,buy,3,18.758080
sol-updown-5m-1777299900,Up,buy,1,4.080000
sol-updown-5m-1777300500,Down,buy,4,23.371342
sol-updown-5m-1777300500,Up,buy,4,12.016890
sol-updown-5m-1777300800,Down,buy,8,130.930840
sol-updown-5m-1777300800,Up,buy,4,12.272554
sol-updown-5m-1777301100,Down,buy,2,37.074580
sol-updown-5m-1777301100,Up,buy,3,24.215090
sol-updown-5m-1777301400,Down,buy,2,37.081780
sol-updown-5m-1777301400,Up,buy,1,4.170000
sol-updown-5m-1777301700,Up,buy,3,18.742960
sol-updown-5m-1777302300,Down,buy,6,34.303928
sol-updown-5m-1777302300,Down,sell,1,10.000000
sol-updown-5m-1777302300,Up,buy,7,205.314798
sol-updown-5m-1777302600,Down,buy,2,9.812800
sol-updown-5m-1777302900,Down,buy,2,6.782285
sol-updown-5m-1777303200,Up,buy,2,91.032480
sol-updown-5m-1777303500,Up,buy,12,282.910318
sol-updown-5m-1777303800,Down,buy,4,17.323050
sol-updown-5m-1777303800,Up,buy,7,161.081222
sol-updown-5m-1777304100,Down,buy,2,4.088674
sol-updown-5m-1777304400,Down,buy,1,5.000000
sol-updown-5m-1777305000,Down,buy,1,8.333332
sol-updown-5m-1777305000,Up,buy,2,18.548682
sol-updown-5m-1777306500,Down,buy,2,11.544090
sol-updown-5m-1777308300,Up,buy,2,4.166964
sol-updown-5m-1777308600,Up,buy,1,4.080000
sol-updown-5m-1777308900,Down,buy,6,124.729586
sol-updown-5m-1777309200,Down,buy,2,9.820000
sol-updown-5m-1777309800,Down,buy,7,81.037572
sol-updown-5m-1777310100,Down,buy,2,58.977610
sol-updown-5m-1777310700,Down,buy,1,5.000000
sol-updown-5m-1777311000,Down,buy,6,156.108398
sol-updown-5m-1777311300,Down,buy,12,402.113984
sol-updown-5m-1777311300,Up,buy,2,9.798400
sol-updown-5m-1777311600,Down,buy,4,310.304642
sol-updown-5m-1777311900,Down,buy,2,68.815600
sol-updown-5m-1777311900,Up,buy,1,4.170000
sol-updown-5m-1777312500,Up,buy,2,15.105242
sol-updown-5m-1777313700,Down,buy,3,9.006700
sol-updown-5m-1777313700,Up,buy,2,3.779690
sol-updown-5m-1777314000,Down,buy,2,37.789630
sol-updown-5m-1777314300,Down,buy,2,14.838946
sol-updown-5m-1777314600,Up,buy,2,4.166964
sol-updown-5m-1777315200,Down,buy,1,5.000000
sol-updown-5m-1777315800,Down,buy,2,22.678160
sol-updown-5m-1777316100,Up,buy,1,29.822155
sol-updown-5m-1777317000,Up,buy,1,5.000000
sol-updown-5m-1777317900,Up,buy,4,100.870480
sol-updown-5m-1777318200,Up,buy,5,155.333242
sol-updown-5m-1777318500,Down,buy,1,9.629200
sol-updown-5m-1777318800,Down,buy,1,5.000000
sol-updown-5m-1777319400,Down,buy,2,11.544090
sol-updown-5m-1777319700,Up,buy,2,20.788314
sol-updown-5m-1777320000,Down,buy,2,20.025460
sol-updown-5m-1777320300,Up,buy,2,19.640000
sol-updown-5m-1777321200,Up,buy,2,19.123892
sol-updown-5m-1777323000,Down,buy,2,9.827200
sol-updown-5m-1777323000,Up,buy,4,28.043660
sol-updown-5m-1777323900,Down,buy,3,55.192881
sol-updown-5m-1777323900,Up,buy,2,29.460000
sol-updown-5m-1777323900,Up,sell,2,38.160000
sol-updown-5m-1777325100,Down,buy,1,10.000000
sol-updown-5m-1777325700,Down,buy,2,91.003680
sol-updown-5m-1777325700,Up,buy,2,6.010046
sol-updown-5m-1777326000,Down,buy,4,189.342420
sol-updown-5m-1777326000,Up,buy,1,3.125000
sol-updown-5m-1777326300,Down,buy,7,217.841082
sol-updown-5m-1777326300,Up,buy,4,16.070396
sol-updown-5m-1777326600,Down,buy,2,9.827200
sol-updown-5m-1777326600,Up,buy,2,4.166964
sol-updown-5m-1777327500,Up,buy,1,9.260000
sol-updown-5m-1777327800,Up,buy,2,80.620700
sol-updown-5m-1777328400,Down,buy,1,10.183672
sol-updown-5m-1777328400,Up,buy,1,19.960000
sol-updown-5m-1777329300,Down,buy,2,59.901434
sol-updown-5m-1777329900,Down,buy,2,74.846816
sol-updown-5m-1777329900,Up,buy,4,17.820050
sol-updown-5m-1777330200,Down,buy,2,7.559384
sol-updown-5m-1777330200,Up,buy,2,10.012730
sol-updown-5m-1777331100,Down,buy,2,37.074580
sol-updown-5m-1777331100,Up,buy,4,16.504378
sol-updown-5m-1777331400,Down,buy,2,9.820000
sol-updown-5m-1777331400,Up,buy,2,7.704784
sol-updown-5m-1777331700,Down,buy,2,4.166964
sol-updown-5m-1777331700,Up,buy,1,2.784924
sol-updown-5m-1777332000,Down,buy,2,19.686500
sol-updown-5m-1777332600,Down,buy,2,37.774560
sol-updown-5m-1777332600,Up,buy,2,7.696060
sol-updown-5m-1777332900,Down,buy,6,164.956700
sol-updown-5m-1777333500,Down,buy,5,250.810616
sol-updown-5m-1777333500,Up,buy,2,8.357440
sol-updown-5m-1777333800,Down,buy,9,270.370632
sol-updown-5m-1777333800,Up,buy,6,33.402208
sol-updown-5m-1777334100,Down,buy,3,57.293200
sol-updown-5m-1777334400,Down,buy,4,73.190930
sol-updown-5m-1777334700,Down,buy,7,174.527544
sol-updown-5m-1777334700,Up,buy,4,18.166640
sol-updown-5m-1777335000,Down,buy,2,39.280000
sol-updown-5m-1777335000,Up,buy,4,48.347524
sol-updown-5m-1777335900,Down,buy,1,5.000000
sol-updown-5m-1777335900,Up,buy,2,3.852396
sol-updown-5m-1777336200,Up,buy,4,13.606890
sol-updown-5m-1777336500,Down,buy,1,5.000000
sol-updown-5m-1777336500,Up,buy,4,52.796370
sol-updown-5m-1777336800,Down,buy,1,5.000000
sol-updown-5m-1777336800,Up,buy,4,29.292626
sol-updown-5m-1777337100,Up,buy,1,4.080000
sol-updown-5m-1777337400,Down,buy,2,9.827200
sol-updown-5m-1777337400,Up,buy,1,4.080000
sol-updown-5m-1777337700,Up,buy,1,4.080000
sol-updown-5m-1777338000,Down,buy,2,9.274340
sol-updown-5m-1777338300,Up,buy,6,53.010000
sol-updown-5m-1777338600,Down,buy,2,4.085120
sol-updown-5m-1777338600,Up,buy,5,21.448384
sol-updown-5m-1777338900,Down,buy,3,44.265600
sol-updown-5m-1777339500,Down,buy,5,91.820680
sol-updown-5m-1777339500,Up,buy,4,61.201860
sol-updown-5m-1777339800,Down,buy,1,5.000000
sol-updown-5m-1777340100,Down,buy,1,5.000000
sol-updown-5m-1777340100,Up,buy,4,110.715680
sol-updown-5m-1777340400,Down,buy,3,9.006700
sol-updown-5m-1777340400,Up,buy,1,18.985848
sol-updown-5m-1777340700,Up,buy,2,91.039680
sol-updown-5m-1777341000,Down,buy,2,11.423332
sol-updown-5m-1777341000,Up,buy,4,83.038852
sol-updown-5m-1777341300,Down,buy,1,5.000000
sol-updown-5m-1777341300,Up,buy,2,9.830800
sol-updown-5m-1777341900,Down,buy,1,5.000000
sol-updown-5m-1777341900,Down,sell,2,19.240000
sol-updown-5m-1777341900,Up,sell,2,19.300000
sol-updown-5m-1777342200,Down,buy,1,5.000000
sol-updown-5m-1777342500,Up,buy,6,59.468970
sol-updown-5m-1777342800,Down,buy,1,4.590000
sol-updown-5m-1777343100,Down,buy,2,56.674980
sol-updown-5m-1777343100,Up,buy,2,9.820000
sol-updown-5m-1777343700,Up,buy,2,4.006700
sol-updown-5m-1777344000,Up,buy,9,182.002200
sol-updown-5m-1777344300,Down,buy,1,4.812800
sol-updown-5m-1777344300,Up,buy,2,9.830800
sol-updown-5m-1777344600,Up,buy,2,55.036158
sol-updown-5m-1777345200,Down,buy,2,9.816400
sol-updown-5m-1777345200,Up,buy,2,17.688960
sol-updown-5m-1777346700,Down,buy,2,37.795420
sol-updown-5m-1777346700,Up,buy,1,5.000000
sol-updown-5m-1777347300,Up,buy,2,39.280000
sol-updown-5m-1777347900,Up,buy,2,19.640000
sol-updown-5m-1777348200,Up,buy,1,17.563332
sol-updown-5m-1777348800,Down,buy,2,9.827200
sol-updown-5m-1777350000,Up,buy,3,24.625600
sol-updown-5m-1777350300,Down,buy,4,127.656400
sol-updown-5m-1777350300,Up,buy,4,38.531470
sol-updown-5m-1777350900,Down,buy,1,3.000000
sol-updown-5m-1777350900,Up,buy,1,36.350000
sol-updown-5m-1777351500,Down,buy,3,14.823600
sol-updown-5m-1777351500,Up,buy,1,35.000000
sol-updown-5m-1777351800,Down,buy,2,9.816400
sol-updown-5m-1777351800,Up,buy,2,98.290000
sol-updown-5m-1777352100,Down,buy,3,11.857215
sol-updown-5m-1777352400,Down,buy,2,3.779690
sol-updown-5m-1777352400,Up,buy,3,44.265600
sol-updown-5m-1777352700,Down,buy,4,30.691106
sol-updown-5m-1777353000,Down,buy,2,18.874040
sol-updown-5m-1777353000,Up,buy,4,58.411180
sol-updown-5m-1777353300,Down,buy,3,28.351600
sol-updown-5m-1777353600,Up,buy,2,8.931761
sol-updown-5m-1777353900,Down,buy,3,7.625842
sol-updown-5m-1777354200,Down,buy,6,113.977372
sol-updown-5m-1777354200,Up,buy,5,16.062796
sol-updown-5m-1777354200,Up,sell,2,7.580000
sol-updown-5m-1777354500,Down,buy,10,630.557326
sol-updown-5m-1777354500,Up,buy,2,9.805600
sol-updown-5m-1777354800,Down,buy,6,110.966790
sol-updown-5m-1777354800,Up,buy,4,19.618400
sol-updown-5m-1777355100,Down,buy,2,19.261960
sol-updown-5m-1777355400,Up,buy,2,16.716980
sol-updown-5m-1777355700,Down,buy,3,14.805600
sol-updown-5m-1777355700,Up,buy,8,139.203776
sol-updown-5m-1777356000,Down,buy,3,14.812800
sol-updown-5m-1777356000,Up,buy,5,28.896825
sol-updown-5m-1777356300,Up,buy,2,7.559384
sol-updown-5m-1777356600,Down,buy,6,23.796126
sol-updown-5m-1777356600,Up,buy,3,102.366560
sol-updown-5m-1777357200,Down,buy,8,92.362532
sol-updown-5m-1777357200,Up,buy,3,32.812800
sol-updown-5m-1777357500,Down,buy,4,200.389822
sol-updown-5m-1777357500,Up,buy,8,52.278410
sol-updown-5m-1777357800,Down,buy,1,5.000000
sol-updown-5m-1777357800,Up,buy,14,176.764814
sol-updown-5m-1777358100,Up,buy,2,7.856000
sol-updown-5m-1777358400,Down,buy,2,12.522384
sol-updown-5m-1777358400,Up,buy,6,103.958428
sol-updown-5m-1777358700,Down,buy,4,274.842642
sol-updown-5m-1777358700,Up,buy,8,109.341314
sol-updown-5m-1777359000,Down,buy,2,9.805600
sol-updown-5m-1777359000,Up,buy,6,424.797376
sol-updown-5m-1777359000,Up,sell,2,60.140000
sol-updown-5m-1777359300,Down,buy,2,9.820000
sol-updown-5m-1777359300,Up,buy,4,92.015648
sol-updown-5m-1777359600,Up,buy,3,96.851296
sol-updown-5m-1777359900,Up,buy,4,15.118768
sol-updown-5m-1777360200,Down,buy,2,4.006700
sol-updown-5m-1777360200,Up,buy,5,26.646584
sol-updown-5m-1777360500,Up,buy,6,19.643244
sol-updown-5m-1777360800,Down,buy,6,129.535215
sol-updown-5m-1777360800,Up,buy,13,265.922882
sol-updown-5m-1777361100,Down,buy,4,69.373920
sol-updown-5m-1777361100,Up,buy,4,137.580800
sol-updown-5m-1777361400,Down,buy,1,4.812800
sol-updown-5m-1777361400,Up,buy,1,14.481600
sol-updown-5m-1777361700,Down,buy,2,9.809200
sol-updown-5m-1777361700,Up,buy,2,36.282136
sol-updown-5m-1777362000,Down,buy,2,9.820000
sol-updown-5m-1777362000,Up,buy,5,77.524784
sol-updown-5m-1777362300,Down,buy,4,25.550720
sol-updown-5m-1777362300,Up,buy,1,39.170000
sol-updown-5m-1777362600,Down,buy,2,9.827200
sol-updown-5m-1777362600,Up,buy,1,5.000000
sol-updown-5m-1777363200,Down,buy,2,19.661600
sol-updown-5m-1777363500,Down,buy,8,53.028000
sol-updown-5m-1777363500,Up,buy,4,17.605436
sol-updown-5m-1777364100,Down,buy,2,19.450978
sol-updown-5m-1777364400,Down,buy,3,55.372892
sol-updown-5m-1777364400,Up,buy,1,5.000000
sol-updown-5m-1777364700,Down,buy,4,51.796916
sol-updown-5m-1777365000,Down,buy,5,446.769554
sol-updown-5m-1777365000,Up,buy,5,282.799636
sol-updown-5m-1777365300,Down,buy,2,7.419474
sol-updown-5m-1777365600,Down,buy,4,48.859010
sol-updown-5m-1777365600,Up,buy,3,11.896132
sol-updown-5m-1777365900,Up,buy,3,20.730600
sol-updown-5m-1777366200,Up,buy,1,3.070000
sol-updown-5m-1777366500,Down,buy,2,20.230202
sol-updown-5m-1777367100,Down,buy,2,9.823600
sol-updown-5m-1777368000,Down,buy,2,13.748000
sol-updown-5m-1777368900,Down,buy,2,4.166964
sol-updown-5m-1777368900,Up,buy,2,9.827200
sol-updown-5m-1777369200,Down,buy,2,4.341098
sol-updown-5m-1777369800,Up,buy,2,68.858800
sol-updown-5m-1777370100,Up,buy,2,3.642370
sol-updown-5m-1777370400,Up,buy,2,57.920800
sol-updown-5m-1777371300,Down,buy,1,4.166665
sol-updown-5m-1777371600,Up,buy,4,127.811210
sol-updown-5m-1777371900,Up,buy,5,143.606230
sol-updown-5m-1777372200,Up,buy,3,129.027200
sol-updown-5m-1777372800,Down,buy,3,10.469200
sol-updown-5m-1777372800,Up,buy,2,117.980400
sol-updown-5m-1777373100,Down,buy,3,26.918260
sol-updown-5m-1777373100,Up,buy,2,117.578670
sol-updown-5m-1777373400,Down,buy,3,143.149370
sol-updown-5m-1777373700,Down,buy,2,37.753880
sol-updown-5m-1777374000,Up,buy,1,5.000000
sol-updown-5m-1777379400,Up,buy,2,19.056600
sol-updown-5m-1777380000,Up,buy,2,18.605552
sol-updown-5m-1777380600,Down,buy,4,180.000000
sol-updown-5m-1777380900,Down,buy,4,388.400000
sol-updown-5m-1777380900,Up,buy,2,42.553188
sol-updown-5m-1777381200,Down,buy,4,217.500000
sol-updown-5m-1777381800,Down,buy,4,27.843134
sol-updown-5m-1777381800,Up,buy,2,19.803918
sol-updown-5m-1777382100,Up,buy,4,21.320752
sol-updown-5m-1777382400,Up,buy,2,10.000000
sol-updown-5m-1777382700,Down,buy,2,20.833330
sol-updown-5m-1777382700,Up,buy,4,22.829920
sol-updown-5m-1777383300,Down,buy,3,20.000000
sol-updown-5m-1777383600,Down,buy,2,20.000000
sol-updown-5m-1777383600,Up,buy,2,20.000000
sol-updown-5m-1777383900,Down,buy,2,75.440000
sol-updown-5m-1777384200,Down,buy,7,88.516295
sol-updown-5m-1777384500,Down,buy,4,117.046150
sol-updown-5m-1777384500,Up,buy,2,20.000000
sol-updown-5m-1777385100,Up,buy,6,83.999656
sol-updown-5m-1777386300,Down,buy,2,20.408160
sol-updown-5m-1777386300,Up,buy,4,39.056598
sol-updown-5m-1777386600,Up,buy,6,84.629624
sol-updown-5m-1777386900,Up,buy,2,5.882350
sol-updown-5m-1777387200,Up,buy,4,110.900000
sol-updown-5m-1777388400,Down,buy,3,13.725489
sol-updown-5m-1777388700,Up,buy,2,4.000000
sol-updown-5m-1777389900,Down,buy,2,8.000000
sol-updown-5m-1777389900,Up,buy,2,11.764702
sol-updown-5m-1777390200,Down,buy,3,39.720000
sol-updown-5m-1777390200,Up,buy,3,22.782089
sol-updown-5m-1777390500,Down,buy,2,8.000000
sol-updown-5m-1777390500,Up,buy,4,54.246160
sol-updown-5m-1777390800,Down,buy,2,38.339620
sol-updown-5m-1777390800,Up,buy,2,22.000000
sol-updown-5m-1777391100,Up,buy,2,7.450978
sol-updown-5m-1777391400,Down,buy,2,38.461536
sol-updown-5m-1777391700,Down,buy,4,78.909058
sol-updown-5m-1777392000,Up,buy,1,10.000000
sol-updown-5m-1777392600,Down,buy,2,30.000000
sol-updown-5m-1777392600,Up,buy,2,10.000000
sol-updown-5m-1777392900,Down,buy,7,151.195920
sol-updown-5m-1777393200,Down,buy,4,286.140000
sol-updown-5m-1777393200,Up,buy,3,30.409000
sol-updown-5m-1777393500,Down,buy,7,259.202150
sol-updown-5m-1777393800,Up,buy,2,20.000000
sol-updown-5m-1777394100,Down,buy,2,70.000000
sol-updown-5m-1777394100,Up,buy,2,10.000000
sol-updown-5m-1777394400,Down,buy,2,39.200000
sol-updown-5m-1777394400,Up,buy,4,25.094336
sol-updown-5m-1777395300,Down,buy,2,18.518516
sol-updown-5m-1777395600,Up,buy,1,5.000000
sol-updown-5m-1777396200,Down,buy,1,5.000000
sol-updown-5m-1777396200,Up,buy,6,203.440000
sol-updown-5m-1777396500,Up,buy,1,10.000000
sol-updown-5m-1777396800,Up,buy,2,3.846150
sol-updown-5m-1777397400,Down,buy,2,10.000000
sol-updown-5m-1777397400,Up,buy,2,68.113204
sol-updown-5m-1777398000,Down,buy,7,82.223025
sol-updown-5m-1777398300,Down,buy,6,211.363628
sol-updown-5m-1777398600,Up,buy,2,22.000000
sol-updown-5m-1777399200,Down,buy,1,5.000000
sol-updown-5m-1777399500,Up,buy,2,10.480000
sol-updown-5m-1777400400,Up,buy,2,19.607840
sol-updown-5m-1777401000,Down,buy,2,10.000000
sol-updown-5m-1777401000,Up,buy,2,10.000000
sol-updown-5m-1777402200,Up,buy,2,16.480000
sol-updown-5m-1777402800,Down,buy,2,10.000000
sol-updown-5m-1777402800,Up,buy,2,10.000000
sol-updown-5m-1777403100,Down,buy,2,10.000000
sol-updown-5m-1777403400,Up,buy,1,10.000000
sol-updown-5m-1777403700,Down,buy,2,20.000000
sol-updown-5m-1777404600,Down,buy,1,5.000000
sol-updown-5m-1777405200,Down,buy,4,28.520000
sol-updown-5m-1777405200,Up,buy,2,10.000000
sol-updown-5m-1777405500,Down,buy,6,19.980782
sol-updown-5m-1777405500,Up,buy,3,31.277247
sol-updown-5m-1777405800,Down,buy,12,124.000000
sol-updown-5m-1777405800,Up,buy,5,48.723400
sol-updown-5m-1777406400,Up,buy,2,52.549016
sol-updown-5m-1777407000,Up,buy,2,5.900000
sol-updown-5m-1777407600,Up,buy,2,10.000000
sol-updown-5m-1777407900,Up,buy,2,19.607840
sol-updown-5m-1777409100,Down,buy,2,20.400000
sol-updown-5m-1777409700,Up,buy,3,27.256518
sol-updown-5m-1777410000,Down,buy,3,37.078155
sol-updown-5m-1777410000,Up,buy,7,36.980391
sol-updown-5m-1777410900,Up,buy,1,5.000000
sol-updown-5m-1777411200,Down,buy,3,137.390000
sol-updown-5m-1777411500,Up,buy,1,9.528300
sol-updown-5m-1777412100,Up,buy,2,7.283016
sol-updown-5m-1777412700,Down,buy,2,10.000000
sol-updown-5m-1777413000,Up,buy,2,3.921566
sol-updown-5m-1777413300,Down,buy,5,106.951566
sol-updown-5m-1777413900,Up,buy,3,13.615383
sol-updown-5m-1777414200,Down,buy,4,26.603622
sol-updown-5m-1777414200,Up,buy,6,21.428566
sol-updown-5m-1777414500,Down,buy,1,1.960783
sol-updown-5m-1777414500,Up,buy,2,20.200000
sol-updown-5m-1777414800,Down,buy,3,44.390766
sol-updown-5m-1777414800,Up,buy,2,19.607840
sol-updown-5m-1777415400,Down,buy,4,28.536949
sol-updown-5m-1777415400,Up,buy,2,39.803918
sol-updown-5m-1777415700,Down,buy,1,5.000000
sol-updown-5m-1777415700,Up,buy,3,28.453147
sol-updown-5m-1777416000,Down,buy,1,5.000000
sol-updown-5m-1777416000,Up,buy,2,37.750186
sol-updown-5m-1777416300,Down,buy,1,5.000000
sol-updown-5m-1777416300,Up,buy,2,37.735846
sol-updown-5m-1777416600,Down,buy,1,5.000000
sol-updown-5m-1777416900,Down,buy,2,4.000000
sol-updown-5m-1777416900,Up,buy,2,3.921566
sol-updown-5m-1777417200,Up,buy,2,3.921566
sol-updown-5m-1777417500,Up,buy,1,10.000000
sol-updown-5m-1777417800,Down,buy,4,85.440000
sol-updown-5m-1777417800,Up,buy,5,16.249996
sol-updown-5m-1777418100,Down,buy,3,110.000000
sol-updown-5m-1777418400,Down,buy,6,148.703700
sol-updown-5m-1777418400,Up,buy,2,10.000000
sol-updown-5m-1777418700,Down,buy,4,110.740000
sol-updown-5m-1777419000,Down,buy,2,60.000000
sol-updown-5m-1777419000,Up,buy,1,5.000000
sol-updown-5m-1777419300,Down,buy,4,220.000000
sol-updown-5m-1777419600,Down,buy,4,74.620000
sol-updown-5m-1777419600,Up,buy,2,10.000000
sol-updown-5m-1777419900,Down,buy,8,277.011108
sol-updown-5m-1777420200,Down,buy,5,112.140000
sol-updown-5m-1777420500,Down,buy,6,226.260000
sol-updown-5m-1777421100,Down,buy,5,208.376360
sol-updown-5m-1777421400,Down,buy,5,45.259623
sol-updown-5m-1777421400,Up,buy,1,5.000000
sol-updown-5m-1777422000,Up,buy,1,5.000000
sol-updown-5m-1777422600,Down,sell,2,3.840000
sol-updown-5m-1777422600,Up,buy,4,13.846150
sol-updown-5m-1777422900,Up,buy,4,13.846150
sol-updown-5m-1777423200,Up,buy,2,110.000000
sol-updown-5m-1777423500,Down,buy,1,5.000000
sol-updown-5m-1777423500,Up,buy,1,60.000000
sol-updown-5m-1777423800,Up,buy,2,50.000000
sol-updown-5m-1777424100,Down,buy,2,3.846150
sol-updown-5m-1777424100,Down,sell,2,6.160000
sol-updown-5m-1777424400,Down,buy,2,3.703700
sol-updown-5m-1777424400,Up,buy,1,5.000000
sol-updown-5m-1777425000,Up,buy,5,55.407402
sol-updown-5m-1777425300,Down,buy,2,37.720000
sol-updown-5m-1777427100,Down,buy,3,16.730768
sol-updown-5m-1777427400,Down,buy,2,83.840000
sol-updown-5m-1777427400,Up,buy,2,10.000000
sol-updown-5m-1777427700,Down,buy,5,78.711427
sol-updown-5m-1777428600,Down,buy,2,10.000000
sol-updown-5m-1777428600,Up,buy,2,10.000000
sol-updown-5m-1777429200,Down,buy,3,43.460000
sol-updown-5m-1777429800,Down,buy,2,37.720000
sol-updown-5m-1777429800,Up,buy,1,5.000000
sol-updown-5m-1777430100,Down,buy,2,40.000000
sol-updown-5m-1777430100,Up,buy,2,10.000000
sol-updown-5m-1777431000,Down,buy,3,25.408160
sol-updown-5m-1777431000,Up,buy,2,6.060000
sol-updown-5m-1777431300,Up,buy,2,110.500000
sol-updown-5m-1777431900,Down,buy,2,10.000000
sol-updown-5m-1777432200,Down,buy,3,15.000000
sol-updown-5m-1777432200,Up,buy,2,32.000000
sol-updown-5m-1777432500,Down,buy,2,90.900000
sol-updown-5m-1777432800,Down,buy,6,448.472878
sol-updown-5m-1777432800,Up,buy,2,10.000000
sol-updown-5m-1777433100,Down,buy,4,110.900000
sol-updown-5m-1777433100,Up,buy,2,81.343200
sol-updown-5m-1777433400,Down,buy,2,10.000000
sol-updown-5m-1777433400,Up,buy,2,10.000000
sol-updown-5m-1777433700,Down,buy,2,11.111108
sol-updown-5m-1777434000,Down,buy,2,37.567404
sol-updown-5m-1777434000,Up,buy,2,22.000000
sol-updown-5m-1777434300,Down,buy,2,84.000000
sol-updown-5m-1777434300,Up,buy,2,42.000000
sol-updown-5m-1777434600,Down,buy,4,38.800000
sol-updown-5m-1777434900,Down,buy,2,37.720000
sol-updown-5m-1777434900,Up,buy,2,2.000000
sol-updown-5m-1777435200,Down,buy,2,30.000000
sol-updown-5m-1777435200,Up,buy,2,2.000000
sol-updown-5m-1777435800,Up,buy,1,5.000000
sol-updown-5m-1777436400,Down,buy,5,82.600000
sol-updown-5m-1777436400,Up,buy,2,10.000000
sol-updown-5m-1777436700,Down,buy,2,70.000000
sol-updown-5m-1777436700,Up,buy,2,4.444442
sol-updown-5m-1777437000,Down,buy,5,61.965182
sol-updown-5m-1777437000,Up,buy,1,5.000000
sol-updown-5m-1777437300,Down,buy,2,90.860000
sol-updown-5m-1777437600,Down,buy,3,9.970782
sol-updown-5m-1777437600,Up,buy,2,10.000000
sol-updown-5m-1777437900,Down,buy,10,91.333330
sol-updown-5m-1777438200,Down,buy,6,75.333330
sol-updown-5m-1777438200,Up,buy,2,168.505766
sol-updown-5m-1777438500,Down,buy,4,40.620000
sol-updown-5m-1777438800,Down,buy,6,35.344822
sol-updown-5m-1777438800,Up,buy,1,5.000000
sol-updown-5m-1777439100,Down,buy,4,74.799256
sol-updown-5m-1777439100,Up,buy,2,61.750000
sol-updown-5m-1777439400,Down,buy,1,5.000000
sol-updown-5m-1777439400,Up,buy,1,5.000000
sol-updown-5m-1777440000,Down,buy,1,5.000000
sol-updown-5m-1777440300,Up,buy,2,120.000000
sol-updown-5m-1777440900,Down,buy,2,37.720000
sol-updown-5m-1777441200,Down,buy,2,70.000000
sol-updown-5m-1777441200,Up,buy,1,15.000000
sol-updown-5m-1777441800,Down,buy,1,5.000000
sol-updown-5m-1777442100,Down,buy,1,5.000000
sol-updown-5m-1777442400,Up,buy,2,4.255316
sol-updown-5m-1777443000,Down,buy,2,37.720000
sol-updown-5m-1777443000,Up,buy,3,9.000000
sol-updown-5m-1777443300,Up,buy,2,3.921566
sol-updown-5m-1777444200,Up,buy,2,10.000000
sol-updown-5m-1777445400,Up,buy,2,10.000000
sol-updown-5m-1777445700,Up,buy,2,60.000000
sol-updown-5m-1777446000,Up,buy,2,50.000000
sol-updown-5m-1777446300,Up,buy,2,120.000000
sol-updown-5m-1777447200,Down,buy,2,4.000000
sol-updown-5m-1777448100,Down,buy,4,13.773582
sol-updown-5m-1777448400,Down,buy,4,13.846150
sol-updown-5m-1777448700,Down,buy,3,8.979545
sol-updown-5m-1777449000,Down,buy,2,3.846150
sol-updown-5m-1777449300,Down,buy,2,3.846150
sol-updown-5m-1777449300,Up,buy,2,23.396224
sol-updown-5m-1777449900,Down,buy,2,10.000000
sol-updown-5m-1777449900,Up,buy,2,112.363634
sol-updown-5m-1777450500,Up,buy,2,120.000000
sol-updown-5m-1777450800,Down,buy,2,10.000000
sol-updown-5m-1777450800,Up,buy,2,120.000000
sol-updown-5m-1777451100,Down,buy,2,10.000000
sol-updown-5m-1777451700,Up,buy,2,10.000000
sol-updown-5m-1777452000,Down,buy,1,5.000000
sol-updown-5m-1777452000,Up,buy,2,120.000000
sol-updown-5m-1777452300,Down,buy,1,5.000000
sol-updown-5m-1777452300,Up,buy,4,210.900000
sol-updown-5m-1777452900,Down,buy,1,5.000000
sol-updown-5m-1777452900,Up,buy,2,20.000000
sol-updown-5m-1777453200,Down,buy,1,5.000000
sol-updown-5m-1777453200,Up,buy,3,79.230766
sol-updown-5m-1777453500,Down,buy,2,10.000000
sol-updown-5m-1777453500,Up,buy,1,35.430000
sol-updown-5m-1777453800,Down,buy,1,5.000000
sol-updown-5m-1777454400,Down,buy,5,19.004688
sol-updown-5m-1777454400,Down,sell,2,19.140000
sol-updown-5m-1777454700,Down,buy,4,110.900000
sol-updown-5m-1777455000,Down,buy,6,60.888714
sol-updown-5m-1777455000,Up,buy,1,10.380000
sol-updown-5m-1777455300,Down,buy,2,90.900000
sol-updown-5m-1777455300,Up,buy,2,7.400000
sol-updown-5m-1777455600,Down,buy,4,98.042854
sol-updown-5m-1777455600,Up,buy,1,5.000000
sol-updown-5m-1777455900,Down,buy,7,73.823872
sol-updown-5m-1777455900,Up,buy,4,13.846150
sol-updown-5m-1777456200,Down,buy,4,100.900000
sol-updown-5m-1777456200,Up,buy,8,43.000000
sol-updown-5m-1777456800,Down,buy,4,81.410713
sol-updown-5m-1777456800,Up,buy,1,5.000000
sol-updown-5m-1777457100,Down,buy,2,90.900000
sol-updown-5m-1777457100,Down,sell,2,37.720000
sol-updown-5m-1777457100,Up,buy,2,41.666664
sol-updown-5m-1777457400,Up,buy,3,9.166664
sol-updown-5m-1777457700,Down,buy,6,35.333330
sol-updown-5m-1777458000,Down,buy,2,61.340000
sol-updown-5m-1777458300,Down,buy,5,50.967404
sol-updown-5m-1777458300,Up,buy,1,10.390000
sol-updown-5m-1777458600,Down,buy,4,37.407404
sol-updown-5m-1777458600,Up,buy,3,27.875000
sol-updown-5m-1777458900,Up,buy,2,18.333330
sol-updown-5m-1777459200,Down,sell,2,56.740000
sol-updown-5m-1777459200,Up,buy,4,54.333330
sol-updown-5m-1777459500,Down,buy,3,40.754714
sol-updown-5m-1777459500,Up,buy,6,59.993330
sol-updown-5m-1777459800,Down,buy,7,41.734682
sol-updown-5m-1777459800,Up,buy,2,7.692304
sol-updown-5m-1777460100,Down,buy,2,19.135092
sol-updown-5m-1777460100,Up,buy,6,12.579994
sol-updown-5m-1777460100,Up,sell,2,19.040000
sol-updown-5m-1777460400,Down,buy,1,5.000000
sol-updown-5m-1777460400,Up,buy,4,36.872304
sol-updown-5m-1777460700,Down,buy,1,5.000000
sol-updown-5m-1777460700,Up,buy,6,36.415086
sol-updown-5m-1777461000,Up,buy,4,48.363164
sol-updown-5m-1777461300,Down,buy,1,5.000000
sol-updown-5m-1777461300,Up,buy,2,7.547164
sol-updown-5m-1777461900,Up,buy,4,98.172724
sol-updown-5m-1777462200,Down,buy,1,5.000000
sol-updown-5m-1777462200,Up,buy,4,25.925920
sol-updown-5m-1777462500,Down,buy,1,5.100000
sol-updown-5m-1777462500,Up,buy,5,129.547164
sol-updown-5m-1777462800,Up,buy,1,6.050000
sol-updown-5m-1777463100,Up,buy,2,19.230766
sol-updown-5m-1777463700,Down,buy,1,10.098038
sol-updown-5m-1777463700,Up,buy,4,127.660374
sol-updown-5m-1777464000,Up,buy,1,3.921567
sol-updown-5m-1777464300,Down,buy,2,8.080000
sol-updown-5m-1777464300,Up,buy,4,135.995802
sol-updown-5m-1777464600,Down,buy,2,4.166664
sol-updown-5m-1777464600,Up,buy,6,128.757140
sol-updown-5m-1777464900,Up,buy,7,68.925260
sol-updown-5m-1777465200,Down,buy,2,8.163262
sol-updown-5m-1777465200,Down,sell,2,10.000000
sol-updown-5m-1777465200,Up,buy,4,14.727038
sol-updown-5m-1777465500,Down,buy,2,8.163262
sol-updown-5m-1777465500,Down,sell,2,4.080000
sol-updown-5m-1777465500,Up,buy,12,188.410492
sol-updown-5m-1777465800,Down,buy,2,8.888886
sol-updown-5m-1777465800,Up,buy,5,62.273567
sol-updown-5m-1777466100,Down,buy,2,60.000000
sol-updown-5m-1777466100,Up,buy,4,67.857140
sol-updown-5m-1777466400,Down,buy,5,90.662337
sol-updown-5m-1777466400,Up,buy,4,109.987404
sol-updown-5m-1777466700,Down,buy,2,7.843134
sol-updown-5m-1777466700,Up,buy,4,69.838591
sol-updown-5m-1777467000,Down,buy,2,47.076920
sol-updown-5m-1777467300,Up,buy,2,120.000000
sol-updown-5m-1777467600,Down,buy,4,85.607404
sol-updown-5m-1777467600,Up,buy,5,29.232173
sol-updown-5m-1777468500,Down,buy,2,58.230766
sol-updown-5m-1777468500,Up,buy,3,46.540000
sol-updown-5m-1777468800,Down,buy,2,8.163262
sol-updown-5m-1777468800,Up,buy,3,11.403841
sol-updown-5m-1777469100,Down,buy,2,7.843134
sol-updown-5m-1777469100,Up,buy,2,7.547164
sol-updown-5m-1777469700,Down,buy,2,60.330000
sol-updown-5m-1777470000,Up,buy,3,16.659866
sol-updown-5m-1777470300,Down,buy,2,8.333330
sol-updown-5m-1777470300,Up,buy,4,14.830180
sol-updown-5m-1777470600,Down,buy,3,28.100000
sol-updown-5m-1777470600,Down,sell,2,20.400000
sol-updown-5m-1777470600,Up,buy,6,62.937920
sol-updown-5m-1777472400,Down,buy,1,25.000000
sol-updown-5m-1777472400,Up,buy,3,8.000000
sol-updown-5m-1777472700,Down,buy,1,2.040815
sol-updown-5m-1777472700,Up,buy,3,56.916150
sol-updown-5m-1777473000,Down,buy,4,235.370368
sol-updown-5m-1777473300,Down,buy,4,138.000000
sol-updown-5m-1777473300,Up,buy,4,28.632304
sol-updown-5m-1777473600,Up,buy,1,50.540000
sol-updown-5m-1777473900,Down,buy,1,29.318845
sol-updown-5m-1777473900,Up,buy,2,4.000000
sol-updown-5m-1777474200,Down,buy,1,4.000000
sol-updown-5m-1777474200,Up,buy,3,61.025552
sol-updown-5m-1777474500,Down,buy,4,17.692304
sol-updown-5m-1777474500,Up,buy,6,131.636360
sol-updown-5m-1777474800,Down,buy,2,8.000000
sol-updown-5m-1777474800,Up,buy,4,11.320746
sol-updown-5m-1777475100,Down,buy,4,28.571422
sol-updown-5m-1777475100,Down,sell,2,10.000000
sol-updown-5m-1777475100,Up,buy,4,98.172724
sol-updown-5m-1777475100,Up,sell,2,19.220000
sol-updown-5m-1777475400,Up,buy,3,112.100000
sol-updown-5m-1777475700,Down,buy,2,8.510636
sol-updown-5m-1777475700,Down,sell,2,10.000000
sol-updown-5m-1777475700,Up,buy,8,175.707404
sol-updown-5m-1777476000,Down,buy,2,8.510636
sol-updown-5m-1777476000,Up,buy,5,141.487404
sol-updown-5m-1777476300,Down,buy,4,19.760000
sol-updown-5m-1777476300,Up,buy,4,127.547164
sol-updown-5m-1777476600,Down,buy,2,10.000000
sol-updown-5m-1777476600,Up,buy,4,133.994336
sol-updown-5m-1777477200,Up,buy,4,125.454336
sol-updown-5m-1777477500,Down,buy,2,17.777774
sol-updown-5m-1777477500,Up,buy,3,78.928570
sol-updown-5m-1777477800,Down,buy,4,73.986528
sol-updown-5m-1777477800,Up,buy,3,15.000000
sol-updown-5m-1777478100,Down,buy,2,16.000000
sol-updown-5m-1777478100,Up,buy,2,90.900000
sol-updown-5m-1777478400,Up,buy,2,120.000000
sol-updown-5m-1777478700,Down,buy,2,57.849054
sol-updown-5m-1777478700,Up,buy,2,120.000000
sol-updown-5m-1777479000,Down,buy,3,38.000000
sol-updown-5m-1777479000,Up,buy,2,15.094336
sol-updown-5m-1777479300,Down,buy,6,93.703700
sol-updown-5m-1777479300,Up,buy,4,27.021274
sol-updown-5m-1777479600,Up,buy,4,19.547106
sol-updown-5m-1777479900,Up,buy,10,65.962952
sol-updown-5m-1777480200,Up,buy,1,55.000000
sol-updown-5m-1777480500,Up,buy,4,25.384612
sol-updown-5m-1777480800,Down,buy,2,15.384612
sol-updown-5m-1777480800,Up,buy,2,3.773582
sol-updown-5m-1777481100,Up,buy,3,7.000000
sol-updown-5m-1777481400,Down,buy,2,10.000000
sol-updown-5m-1777481400,Up,buy,5,35.000000
sol-updown-5m-1777481700,Down,buy,2,7.843134
sol-updown-5m-1777481700,Up,buy,4,17.547164
sol-updown-5m-1777482000,Up,buy,2,3.773582
sol-updown-5m-1777482300,Down,buy,2,10.000000
sol-updown-5m-1777482300,Up,buy,1,7.270000
sol-updown-5m-1777482600,Up,buy,2,3.846150
sol-updown-5m-1777482900,Down,buy,1,4.000000
sol-updown-5m-1777482900,Up,buy,2,8.846152
sol-updown-5m-1777483200,Down,buy,2,8.333330
sol-updown-5m-1777483200,Up,buy,4,11.320746
sol-updown-5m-1777483500,Up,buy,4,10.000000
sol-updown-5m-1777483800,Up,buy,2,37.037034
sol-updown-5m-1777484100,Up,buy,2,10.000000
sol-updown-5m-1777484400,Up,buy,2,3.773582
sol-updown-5m-1777484700,Down,buy,4,48.301884
sol-updown-5m-1777484700,Up,buy,3,12.970000
sol-updown-5m-1777485600,Down,buy,5,53.442302
sol-updown-5m-1777485600,Up,buy,1,10.204080
sol-updown-5m-1777485900,Up,buy,2,10.000000
sol-updown-5m-1777486200,Down,buy,2,4.255316
sol-updown-5m-1777486200,Up,buy,18,256.310140
sol-updown-5m-1777486500,Up,buy,7,109.307753
sol-updown-5m-1777486800,Down,buy,2,20.760000
sol-updown-5m-1777486800,Up,buy,4,99.986150
sol-updown-5m-1777487100,Up,buy,6,21.411762
sol-updown-5m-1777487400,Up,buy,4,78.364320
sol-updown-5m-1777487700,Down,buy,2,12.000000
sol-updown-5m-1777487700,Down,sell,2,10.000000
sol-updown-5m-1777487700,Up,buy,6,102.011104
sol-updown-5m-1777488600,Down,buy,2,73.265382
sol-updown-5m-1777488900,Down,buy,2,75.389626
sol-updown-5m-1777488900,Up,buy,4,30.408160
sol-updown-5m-1777489200,Down,buy,4,94.447270
sol-updown-5m-1777489500,Up,buy,3,17.000000
sol-updown-5m-1777489800,Up,buy,2,18.867922
sol-updown-5m-1777490400,Up,buy,2,12.235200
sol-updown-5m-1777490700,Down,buy,1,5.830000
sol-updown-5m-1777490700,Up,buy,2,58.846150
sol-updown-5m-1777491300,Up,buy,2,3.703700
sol-updown-5m-1777491600,Up,buy,4,78.888764
sol-updown-5m-1777492200,Down,buy,1,23.018865
sol-updown-5m-1777492500,Up,buy,1,23.000000
sol-updown-5m-1777493100,Down,buy,3,8.846150
sol-updown-5m-1777493100,Up,buy,2,30.000000
sol-updown-5m-1777493400,Up,buy,1,19.245282
sol-updown-5m-1777494000,Down,buy,2,38.461536
sol-updown-5m-1777494000,Up,buy,1,6.000000
sol-updown-5m-1777494300,Down,buy,4,221.999820
sol-updown-5m-1777494600,Down,buy,4,275.956914
sol-updown-5m-1777494600,Up,buy,2,4.489792
sol-updown-5m-1777494900,Down,buy,2,75.000000
sol-updown-5m-1777495200,Down,buy,8,114.298512
sol-updown-5m-1777495500,Down,buy,2,37.720000
sol-updown-5m-1777496100,Down,buy,3,127.116550
sol-updown-5m-1777496400,Down,buy,4,56.587922
sol-updown-5m-1777497600,Down,buy,6,125.000000
sol-updown-5m-1777498200,Down,buy,6,106.408516
sol-updown-5m-1777498500,Down,buy,8,150.116360
sol-updown-5m-1777498800,Down,buy,3,45.000000
